linkFrom,linkTo
https://vi.wikipedia.org/wiki/H%C3%A0n_Qu%E1%BB%91c,https://vi.wikipedia.org/wiki/H%C3%A0n_Qu%E1%BB%91c
https://vi.wikipedia.org/wiki/H%C3%A0n_Qu%E1%BB%91c,https://vi.wikipedia.org/wiki/Wikipedia:Danh_s%C3%A1ch_b%C3%A0i_c%C6%A1_b%E1%BA%A3n_n%C3%AAn_c%C3%B3
https://vi.wikipedia.org/wiki/H%C3%A0n_Qu%E1%BB%91c,https://vi.wikipedia.org/wiki/B%C3%A1n_%C4%91%E1%BA%A3o_Tri%E1%BB%81u_Ti%C3%AAn
https://vi.wikipedia.org/wiki/H%C3%A0n_Qu%E1%BB%91c,https://vi.wikipedia.org/wiki/Ti%E1%BA%BFng_Tri%E1%BB%81u_Ti%C3%AAn
https://vi.wikipedia.org/wiki/H%C3%A0n_Qu%E1%BB%91c,https://vi.wikipedia.org/wiki/Tri%E1%BB%81u_Ti%C3%AAn
https://vi.wikipedia.org/wiki/H%C3%A0n_Qu%E1%BB%91c,https://vi.wikipedia.org/wiki/%C4%90%E1%BA%A1i_h%C3%A0n
https://vi.wikipedia.org/wiki/H%C3%A0n_Qu%E1%BB%91c,https://vi.wikipedia.org/wiki/H%C3%A0n_qu%E1%BB%91c
https://vi.wikipedia.org/wiki/H%C3%A0n_Qu%E1%BB%91c,https://vi.wikipedia.org/wiki/Hangul
https://vi.wikipedia.org/wiki/H%C3%A0n_Qu%E1%BB%91c,https://vi.wikipedia.org/wiki/Hanja
https://vi.wikipedia.org/wiki/H%C3%A0n_Qu%E1%BB%91c,https://vi.wikipedia.org/wiki/Romaja_qu%E1%BB%91c_ng%E1%BB%AF
https://vi.wikipedia.org/wiki/H%C3%A0n_Qu%E1%BB%91c,https://vi.wikipedia.org/wiki/T%E1%BA%ADp_tin:Flag_of_South_Korea.svg
https://vi.wikipedia.org/wiki/H%C3%A0n_Qu%E1%BB%91c,https://vi.wikipedia.org/wiki/T%E1%BA%ADp_tin:Emblem_of_South_Korea.svg
https://vi.wikipedia.org/wiki/H%C3%A0n_Qu%E1%BB%91c,https://vi.wikipedia.org/wiki/Qu%E1%BB%91c_k%E1%BB%B3_H%C3%A0n_Qu%E1%BB%91c
https://vi.wikipedia.org/wiki/H%C3%A0n_Qu%E1%BB%91c,https://vi.wikipedia.org/wiki/Qu%E1%BB%91c_huy_H%C3%A0n_Qu%E1%BB%91c
https://vi.wikipedia.org/wiki/H%C3%A0n_Qu%E1%BB%91c,https://vi.wikipedia.org/wiki/T%E1%BA%ADp_tin:Emblem_of_the_Government_of_the_Republic_of_Korea.svg
https://vi.wikipedia.org/wiki/H%C3%A0n_Qu%E1%BB%91c,https://vi.wikipedia.org/w/index.php?title=Bi%E1%BB%83u_tr%C6%B0ng_ch%C3%ADnh_ph%E1%BB%A7_H%C3%A0n_Qu%E1%BB%91c&action=edit&redlink=1
https://vi.wikipedia.org/wiki/H%C3%A0n_Qu%E1%BB%91c,https://vi.wikipedia.org/wiki/Ch%C3%ADnh_ph%E1%BB%A7_H%C3%A0n_Qu%E1%BB%91c
https://vi.wikipedia.org/wiki/H%C3%A0n_Qu%E1%BB%91c,https://vi.wikipedia.org/wiki/Kh%E1%BA%A9u_hi%E1%BB%87u
https://vi.wikipedia.org/wiki/H%C3%A0n_Qu%E1%BB%91c,https://vi.wikipedia.org/wiki/Hongik_Ingan
https://vi.wikipedia.org/wiki/H%C3%A0n_Qu%E1%BB%91c,https://vi.wikipedia.org/wiki/Hongik_Ingan
https://vi.wikipedia.org/wiki/H%C3%A0n_Qu%E1%BB%91c,https://vi.wikipedia.org/wiki/Ti%E1%BA%BFng_H%C3%A0n_Qu%E1%BB%91c
https://vi.wikipedia.org/wiki/H%C3%A0n_Qu%E1%BB%91c,https://vi.wikipedia.org/wiki/De_facto
https://vi.wikipedia.org/wiki/H%C3%A0n_Qu%E1%BB%91c,https://vi.wikipedia.org/wiki/Qu%E1%BB%91c_ca
https://vi.wikipedia.org/wiki/H%C3%A0n_Qu%E1%BB%91c,https://vi.wikipedia.org/wiki/Aegukga
https://vi.wikipedia.org/wiki/H%C3%A0n_Qu%E1%BB%91c,https://vi.wikipedia.org/wiki/Ti%E1%BA%BFng_H%C3%A0n_Qu%E1%BB%91c
https://vi.wikipedia.org/wiki/H%C3%A0n_Qu%E1%BB%91c,https://vi.wikipedia.org/wiki/De_facto
https://vi.wikipedia.org/wiki/H%C3%A0n_Qu%E1%BB%91c,https://vi.wikipedia.org/wiki/T%E1%BA%ADp_tin:Republic_of_Korea_(orthographic_projection).svg
https://vi.wikipedia.org/wiki/H%C3%A0n_Qu%E1%BB%91c,https://vi.wikipedia.org/wiki/B%E1%BA%AFc_Tri%E1%BB%81u_Ti%C3%AAn
https://vi.wikipedia.org/wiki/H%C3%A0n_Qu%E1%BB%91c,https://vi.wikipedia.org/wiki/Th%E1%BB%A7_%C4%91%C3%B4
https://vi.wikipedia.org/wiki/H%C3%A0n_Qu%E1%BB%91c,https://vi.wikipedia.org/wiki/Seoul
https://vi.wikipedia.org/wiki/H%C3%A0n_Qu%E1%BB%91c,https://vi.wikipedia.org/wiki/Ng%C3%B4n_ng%E1%BB%AF_ch%C3%ADnh_th%E1%BB%A9c
https://vi.wikipedia.org/wiki/H%C3%A0n_Qu%E1%BB%91c,https://vi.wikipedia.org/wiki/Ti%E1%BA%BFng_H%C3%A0n
https://vi.wikipedia.org/wiki/H%C3%A0n_Qu%E1%BB%91c,https://vi.wikipedia.org/w/index.php?title=Ng%C3%B4n_ng%E1%BB%AF_k%C3%AD_hi%E1%BB%87u_H%C3%A0n_Qu%E1%BB%91c&action=edit&redlink=1
https://vi.wikipedia.org/wiki/H%C3%A0n_Qu%E1%BB%91c,https://vi.wikipedia.org/wiki/S%E1%BA%AFc_t%E1%BB%99c
https://vi.wikipedia.org/wiki/H%C3%A0n_Qu%E1%BB%91c,https://vi.wikipedia.org/wiki/T%C3%B4n_gi%C3%A1o
https://vi.wikipedia.org/wiki/H%C3%A0n_Qu%E1%BB%91c,https://vi.wikipedia.org/wiki/Kit%C3%B4_gi%C3%A1o
https://vi.wikipedia.org/wiki/H%C3%A0n_Qu%E1%BB%91c,https://vi.wikipedia.org/wiki/C%C6%A1_%C4%90%E1%BB%91c_gi%C3%A1o
https://vi.wikipedia.org/wiki/H%C3%A0n_Qu%E1%BB%91c,https://vi.wikipedia.org/wiki/Gi%C3%A1o_h%E1%BB%99i_C%C3%B4ng_gi%C3%A1o_R%C3%B4ma
https://vi.wikipedia.org/wiki/H%C3%A0n_Qu%E1%BB%91c,https://vi.wikipedia.org/wiki/Ph%E1%BA%ADt_gi%C3%A1o_Tri%E1%BB%81u_Ti%C3%AAn
https://vi.wikipedia.org/wiki/H%C3%A0n_Qu%E1%BB%91c,https://vi.wikipedia.org/wiki/Ch%C3%ADnh_tr%E1%BB%8B_H%C3%A0n_Qu%E1%BB%91c
https://vi.wikipedia.org/wiki/H%C3%A0n_Qu%E1%BB%91c,https://vi.wikipedia.org/wiki/Nh%C3%A0_n%C6%B0%E1%BB%9Bc_%C4%91%C6%A1n_nh%E1%BA%A5t
https://vi.wikipedia.org/wiki/H%C3%A0n_Qu%E1%BB%91c,https://vi.wikipedia.org/wiki/C%E1%BB%99ng_h%C3%B2a
https://vi.wikipedia.org/wiki/H%C3%A0n_Qu%E1%BB%91c,https://vi.wikipedia.org/wiki/T%E1%BB%95ng_th%E1%BB%91ng_H%C3%A0n_Qu%E1%BB%91c
https://vi.wikipedia.org/wiki/H%C3%A0n_Qu%E1%BB%91c,https://vi.wikipedia.org/wiki/Moon_Jae-in
https://vi.wikipedia.org/wiki/H%C3%A0n_Qu%E1%BB%91c,https://vi.wikipedia.org/wiki/Qu%E1%BB%91c_h%E1%BB%99i_H%C3%A0n_Qu%E1%BB%91c
https://vi.wikipedia.org/wiki/H%C3%A0n_Qu%E1%BB%91c,https://vi.wikipedia.org/wiki/Chung_Sye-kyun
https://vi.wikipedia.org/wiki/H%C3%A0n_Qu%E1%BB%91c,https://vi.wikipedia.org/wiki/L%E1%BA%ADp_ph%C3%A1p
https://vi.wikipedia.org/wiki/H%C3%A0n_Qu%E1%BB%91c,https://vi.wikipedia.org/wiki/Qu%E1%BB%91c_h%E1%BB%99i_H%C3%A0n_Qu%E1%BB%91c
https://vi.wikipedia.org/wiki/H%C3%A0n_Qu%E1%BB%91c,https://vi.wikipedia.org/wiki/L%E1%BB%8Bch_s%E1%BB%AD_H%C3%A0n_Qu%E1%BB%91c
https://vi.wikipedia.org/wiki/H%C3%A0n_Qu%E1%BB%91c,https://vi.wikipedia.org/wiki/C%E1%BB%95_Tri%E1%BB%81u_Ti%C3%AAn
https://vi.wikipedia.org/wiki/H%C3%A0n_Qu%E1%BB%91c,https://vi.wikipedia.org/wiki/%C4%90%E1%BB%8Ba_l%C3%BD_H%C3%A0n_Qu%E1%BB%91c
https://vi.wikipedia.org/wiki/H%C3%A0n_Qu%E1%BB%91c,https://vi.wikipedia.org/wiki/Kil%C3%B4m%C3%A9t_vu%C3%B4ng
https://vi.wikipedia.org/wiki/H%C3%A0n_Qu%E1%BB%91c,https://vi.wikipedia.org/wiki/Danh_s%C3%A1ch_qu%E1%BB%91c_gia_theo_di%E1%BB%87n_t%C3%ADch
https://vi.wikipedia.org/wiki/H%C3%A0n_Qu%E1%BB%91c,https://vi.wikipedia.org/wiki/D%E1%BA%B7m_vu%C3%B4ng
https://vi.wikipedia.org/wiki/H%C3%A0n_Qu%E1%BB%91c,https://vi.wikipedia.org/wiki/Danh_s%C3%A1ch_qu%E1%BB%91c_gia_theo_s%E1%BB%91_d%C3%A2n
https://vi.wikipedia.org/wiki/H%C3%A0n_Qu%E1%BB%91c,https://vi.wikipedia.org/wiki/M%E1%BA%ADt_%C4%91%E1%BB%99_d%C3%A2n_s%E1%BB%91
https://vi.wikipedia.org/wiki/H%C3%A0n_Qu%E1%BB%91c,https://vi.wikipedia.org/wiki/Danh_s%C3%A1ch_qu%E1%BB%91c_gia_theo_m%E1%BA%ADt_%C4%91%E1%BB%99_d%C3%A2n_s%E1%BB%91
https://vi.wikipedia.org/wiki/H%C3%A0n_Qu%E1%BB%91c,https://vi.wikipedia.org/wiki/T%E1%BB%95ng_s%E1%BA%A3n_ph%E1%BA%A9m_qu%E1%BB%91c_n%E1%BB%99i
https://vi.wikipedia.org/wiki/H%C3%A0n_Qu%E1%BB%91c,https://vi.wikipedia.org/wiki/S%E1%BB%A9c_mua_t%C6%B0%C6%A1ng_%C4%91%C6%B0%C6%A1ng
https://vi.wikipedia.org/wiki/H%C3%A0n_Qu%E1%BB%91c,https://vi.wikipedia.org/wiki/Danh_s%C3%A1ch_qu%E1%BB%91c_gia_theo_GDP_(PPP)
https://vi.wikipedia.org/wiki/H%C3%A0n_Qu%E1%BB%91c,https://vi.wikipedia.org/wiki/Danh_s%C3%A1ch_qu%E1%BB%91c_gia_theo_GDP_(PPP)_b%C3%ACnh_qu%C3%A2n_%C4%91%E1%BA%A7u_ng%C6%B0%E1%BB%9Di
https://vi.wikipedia.org/wiki/H%C3%A0n_Qu%E1%BB%91c,https://vi.wikipedia.org/wiki/T%E1%BB%95ng_s%E1%BA%A3n_ph%E1%BA%A9m_qu%E1%BB%91c_n%E1%BB%99i
https://vi.wikipedia.org/wiki/H%C3%A0n_Qu%E1%BB%91c,https://vi.wikipedia.org/w/index.php?title=Danh_s%C3%A1ch_qu%E1%BB%91c_gia_theo_GDP_(danh_ngh%C4%A9a)&action=edit&redlink=1
https://vi.wikipedia.org/wiki/H%C3%A0n_Qu%E1%BB%91c,https://vi.wikipedia.org/w/index.php?title=Danh_s%C3%A1ch_qu%E1%BB%91c_gia_theo_GDP_(danh_ngh%C4%A9a)_b%C3%ACnh_qu%C3%A2n_%C4%91%E1%BA%A7u_ng%C6%B0%E1%BB%9Di&action=edit&redlink=1
https://vi.wikipedia.org/wiki/H%C3%A0n_Qu%E1%BB%91c,https://vi.wikipedia.org/wiki/H%E1%BB%87_s%E1%BB%91_Gini
https://vi.wikipedia.org/wiki/H%C3%A0n_Qu%E1%BB%91c,https://vi.wikipedia.org/wiki/Ch%E1%BB%89_s%E1%BB%91_ph%C3%A1t_tri%E1%BB%83n_con_ng%C6%B0%E1%BB%9Di
https://vi.wikipedia.org/wiki/H%C3%A0n_Qu%E1%BB%91c,https://vi.wikipedia.org/wiki/Danh_s%C3%A1ch_qu%E1%BB%91c_gia_theo_ch%E1%BB%89_s%E1%BB%91_ph%C3%A1t_tri%E1%BB%83n_con_ng%C6%B0%E1%BB%9Di
https://vi.wikipedia.org/wiki/H%C3%A0n_Qu%E1%BB%91c,https://vi.wikipedia.org/wiki/%C4%90%C6%A1n_v%E1%BB%8B_ti%E1%BB%81n_t%E1%BB%87
https://vi.wikipedia.org/wiki/H%C3%A0n_Qu%E1%BB%91c,https://vi.wikipedia.org/wiki/Won_H%C3%A0n_Qu%E1%BB%91c
https://vi.wikipedia.org/wiki/H%C3%A0n_Qu%E1%BB%91c,https://vi.wikipedia.org/wiki/ISO_4217
https://vi.wikipedia.org/wiki/H%C3%A0n_Qu%E1%BB%91c,https://vi.wikipedia.org/wiki/M%C3%BAi_gi%E1%BB%9D
https://vi.wikipedia.org/wiki/H%C3%A0n_Qu%E1%BB%91c,https://vi.wikipedia.org/wiki/Gi%E1%BB%9D_Ph%E1%BB%91i_h%E1%BB%A3p_Qu%E1%BB%91c_t%E1%BA%BF
https://vi.wikipedia.org/wiki/H%C3%A0n_Qu%E1%BB%91c,https://vi.wikipedia.org/wiki/Quy_%C6%B0%E1%BB%9Bc_gi%E1%BB%9D_m%C3%B9a_h%C3%A8
https://vi.wikipedia.org/wiki/H%C3%A0n_Qu%E1%BB%91c,https://vi.wikipedia.org/wiki/L%E1%BB%8Bch
https://vi.wikipedia.org/wiki/H%C3%A0n_Qu%E1%BB%91c,https://vi.wikipedia.org/wiki/Giao_th%C3%B4ng_b%C3%AAn_ph%E1%BA%A3i_v%C3%A0_b%C3%AAn_tr%C3%A1i
https://vi.wikipedia.org/wiki/H%C3%A0n_Qu%E1%BB%91c,https://vi.wikipedia.org/wiki/M%C3%A3_%C4%91i%E1%BB%87n_tho%E1%BA%A1i_H%C3%A0n_Qu%E1%BB%91c
https://vi.wikipedia.org/wiki/H%C3%A0n_Qu%E1%BB%91c,https://vi.wikipedia.org/wiki/T%C3%AAn_mi%E1%BB%81n_qu%E1%BB%91c_gia_c%E1%BA%A5p_cao_nh%E1%BA%A5t
https://vi.wikipedia.org/wiki/H%C3%A0n_Qu%E1%BB%91c,https://vi.wikipedia.org/w/index.php?title=.kr.%ED%95%9C%EA%B5%AD&action=edit&redlink=1
https://vi.wikipedia.org/wiki/H%C3%A0n_Qu%E1%BB%91c,https://vi.wikipedia.org/wiki/T%E1%BA%ADp_tin:South_Korea_-_Location_Map_(2013)_-_KOR_-_UNOCHA.svg
https://vi.wikipedia.org/wiki/H%C3%A0n_Qu%E1%BB%91c,https://vi.wikipedia.org/wiki/Ti%E1%BA%BFng_Tri%E1%BB%81u_Ti%C3%AAn
https://vi.wikipedia.org/wiki/H%C3%A0n_Qu%E1%BB%91c,https://vi.wikipedia.org/wiki/Ti%E1%BA%BFng_Tri%E1%BB%81u_Ti%C3%AAn
https://vi.wikipedia.org/wiki/H%C3%A0n_Qu%E1%BB%91c,https://vi.wikipedia.org/wiki/B%C3%A1n_%C4%91%E1%BA%A3o_Tri%E1%BB%81u_Ti%C3%AAn
https://vi.wikipedia.org/wiki/H%C3%A0n_Qu%E1%BB%91c,https://vi.wikipedia.org/wiki/C%E1%BB%99ng_h%C3%B2a_D%C3%A2n_ch%E1%BB%A7_Nh%C3%A2n_d%C3%A2n_Tri%E1%BB%81u_Ti%C3%AAn
https://vi.wikipedia.org/wiki/H%C3%A0n_Qu%E1%BB%91c,https://vi.wikipedia.org/wiki/Bi%E1%BB%83n_Nh%E1%BA%ADt_B%E1%BA%A3n
https://vi.wikipedia.org/wiki/H%C3%A0n_Qu%E1%BB%91c,https://vi.wikipedia.org/wiki/Ho%C3%A0ng_H%E1%BA%A3i
https://vi.wikipedia.org/wiki/H%C3%A0n_Qu%E1%BB%91c,https://vi.wikipedia.org/wiki/Seoul
https://vi.wikipedia.org/wiki/H%C3%A0n_Qu%E1%BB%91c,https://vi.wikipedia.org/wiki/%C3%94n_%C4%91%E1%BB%9Bi
https://vi.wikipedia.org/wiki/H%C3%A0n_Qu%E1%BB%91c,https://vi.wikipedia.org/wiki/Bangladesh
https://vi.wikipedia.org/wiki/H%C3%A0n_Qu%E1%BB%91c,https://vi.wikipedia.org/wiki/%C4%90%C3%A0i_Loan
https://vi.wikipedia.org/wiki/H%C3%A0n_Qu%E1%BB%91c,https://vi.wikipedia.org/wiki/T%E1%BA%ADp_tin:Hangugeo-Chosonmal.svg
https://vi.wikipedia.org/wiki/H%C3%A0n_Qu%E1%BB%91c,https://vi.wikipedia.org/wiki/Ti%E1%BA%BFng_H%C3%A0n_Qu%E1%BB%91c
https://vi.wikipedia.org/wiki/H%C3%A0n_Qu%E1%BB%91c,https://vi.wikipedia.org/wiki/Tr%E1%BB%A3_gi%C3%BAp:Multilingual_support_(East_Asian)
https://vi.wikipedia.org/wiki/H%C3%A0n_Qu%E1%BB%91c,https://vi.wikipedia.org/w/index.php?title=Mojibake&action=edit&redlink=1
https://vi.wikipedia.org/wiki/H%C3%A0n_Qu%E1%BB%91c,https://vi.wikipedia.org/wiki/Hangul
https://vi.wikipedia.org/wiki/H%C3%A0n_Qu%E1%BB%91c,https://vi.wikipedia.org/wiki/Hanja
https://vi.wikipedia.org/wiki/H%C3%A0n_Qu%E1%BB%91c,https://vi.wikipedia.org/wiki/Kh%E1%BA%A3o_c%E1%BB%95_h%E1%BB%8Dc
https://vi.wikipedia.org/wiki/H%C3%A0n_Qu%E1%BB%91c,https://vi.wikipedia.org/wiki/B%C3%A1n_%C4%91%E1%BA%A3o_Tri%E1%BB%81u_Ti%C3%AAn
https://vi.wikipedia.org/wiki/H%C3%A0n_Qu%E1%BB%91c,https://vi.wikipedia.org/wiki/Th%E1%BB%9Di_%C4%91%E1%BA%A1i_%C4%91%E1%BB%93_%C4%91%C3%A1_c%C5%A9
https://vi.wikipedia.org/wiki/H%C3%A0n_Qu%E1%BB%91c,https://vi.wikipedia.org/wiki/L%E1%BB%8Bch_s%E1%BB%AD_Tri%E1%BB%81u_Ti%C3%AAn
https://vi.wikipedia.org/wiki/H%C3%A0n_Qu%E1%BB%91c,https://vi.wikipedia.org/wiki/C%E1%BB%95_Tri%E1%BB%81u_Ti%C3%AAn
https://vi.wikipedia.org/wiki/H%C3%A0n_Qu%E1%BB%91c,https://vi.wikipedia.org/wiki/%C4%90%C3%A0n_Qu%C3%A2n
https://vi.wikipedia.org/wiki/H%C3%A0n_Qu%E1%BB%91c,https://vi.wikipedia.org/wiki/Tam_Qu%E1%BB%91c_(Tri%E1%BB%81u_Ti%C3%AAn)
https://vi.wikipedia.org/wiki/H%C3%A0n_Qu%E1%BB%91c,https://vi.wikipedia.org/wiki/Cao_Ly
https://vi.wikipedia.org/wiki/H%C3%A0n_Qu%E1%BB%91c,https://vi.wikipedia.org/wiki/Nh%C3%A0_Tri%E1%BB%81u_Ti%C3%AAn
https://vi.wikipedia.org/wiki/H%C3%A0n_Qu%E1%BB%91c,https://vi.wikipedia.org/wiki/%C4%90%E1%BA%BF_qu%E1%BB%91c_%C4%90%E1%BA%A1i_H%C3%A0n
https://vi.wikipedia.org/wiki/H%C3%A0n_Qu%E1%BB%91c,https://vi.wikipedia.org/wiki/Chi%E1%BA%BFn_tranh_Tri%E1%BB%81u_Ti%C3%AAn
https://vi.wikipedia.org/wiki/H%C3%A0n_Qu%E1%BB%91c,https://vi.wikipedia.org/wiki/C%E1%BB%99ng_h%C3%B2a_ngh%E1%BB%8B_vi%E1%BB%87n
https://vi.wikipedia.org/wiki/H%C3%A0n_Qu%E1%BB%91c,https://vi.wikipedia.org/wiki/T%E1%BB%95ng_th%E1%BB%91ng_ch%E1%BA%BF
https://vi.wikipedia.org/wiki/H%C3%A0n_Qu%E1%BB%91c,https://vi.wikipedia.org/wiki/Ng%C3%A2n_h%C3%A0ng_Th%E1%BA%BF_gi%E1%BB%9Bi
https://vi.wikipedia.org/wiki/H%C3%A0n_Qu%E1%BB%91c,https://vi.wikipedia.org/wiki/Qu%E1%BB%B9_Ti%E1%BB%81n_t%E1%BB%87_Qu%E1%BB%91c_t%E1%BA%BF
https://vi.wikipedia.org/wiki/H%C3%A0n_Qu%E1%BB%91c,https://vi.wikipedia.org/wiki/Li%C3%AAn_Hi%E1%BB%87p_Qu%E1%BB%91c
https://vi.wikipedia.org/wiki/H%C3%A0n_Qu%E1%BB%91c,https://vi.wikipedia.org/wiki/T%E1%BB%95_ch%E1%BB%A9c_Th%C6%B0%C6%A1ng_m%E1%BA%A1i_Th%E1%BA%BF_gi%E1%BB%9Bi
https://vi.wikipedia.org/wiki/H%C3%A0n_Qu%E1%BB%91c,https://vi.wikipedia.org/wiki/T%E1%BB%95_ch%E1%BB%A9c_H%E1%BB%A3p_t%C3%A1c_v%C3%A0_Ph%C3%A1t_tri%E1%BB%83n_Kinh_t%E1%BA%BF
https://vi.wikipedia.org/wiki/H%C3%A0n_Qu%E1%BB%91c,https://vi.wikipedia.org/wiki/G20_(nh%C3%B3m_c%C3%A1c_n%E1%BB%81n_kinh_t%E1%BA%BF_l%E1%BB%9Bn)
https://vi.wikipedia.org/wiki/H%C3%A0n_Qu%E1%BB%91c,https://vi.wikipedia.org/wiki/Di%E1%BB%85n_%C4%91%C3%A0n_H%E1%BB%A3p_t%C3%A1c_Kinh_t%E1%BA%BF_ch%C3%A2u_%C3%81_-_Th%C3%A1i_B%C3%ACnh_D%C6%B0%C6%A1ng
https://vi.wikipedia.org/wiki/H%C3%A0n_Qu%E1%BB%91c,https://vi.wikipedia.org/wiki/H%E1%BB%99i_ngh%E1%BB%8B_c%E1%BA%A5p_cao_%C4%90%C3%B4ng_%C3%81
https://vi.wikipedia.org/wiki/H%C3%A0n_Qu%E1%BB%91c,https://vi.wikipedia.org/wiki/NATO
https://vi.wikipedia.org/wiki/H%C3%A0n_Qu%E1%BB%91c,https://vi.wikipedia.org/w/index.php?title=H%C3%A0n_Qu%E1%BB%91c&veaction=edit&section=1
https://vi.wikipedia.org/wiki/H%C3%A0n_Qu%E1%BB%91c,https://vi.wikipedia.org/w/index.php?title=H%C3%A0n_Qu%E1%BB%91c&action=edit&section=1
https://vi.wikipedia.org/wiki/H%C3%A0n_Qu%E1%BB%91c,https://vi.wikipedia.org/wiki/Ti%E1%BA%BFng_Anh
https://vi.wikipedia.org/wiki/H%C3%A0n_Qu%E1%BB%91c,https://vi.wikipedia.org/wiki/Cao_Ly
https://vi.wikipedia.org/wiki/H%C3%A0n_Qu%E1%BB%91c,https://vi.wikipedia.org/wiki/Nh%C3%A0_Tri%E1%BB%81u_Ti%C3%AAn
https://vi.wikipedia.org/wiki/H%C3%A0n_Qu%E1%BB%91c,https://vi.wikipedia.org/wiki/C%E1%BB%99ng_ho%C3%A0_D%C3%A2n_ch%E1%BB%A7_Nh%C3%A2n_d%C3%A2n_Tri%E1%BB%81u_Ti%C3%AAn
https://vi.wikipedia.org/wiki/H%C3%A0n_Qu%E1%BB%91c,https://vi.wikipedia.org/wiki/%C4%90%E1%BA%BF_qu%E1%BB%91c_%C4%90%E1%BA%A1i_H%C3%A0n
https://vi.wikipedia.org/wiki/H%C3%A0n_Qu%E1%BB%91c,https://vi.wikipedia.org/wiki/Nh%E1%BA%ADt_B%E1%BA%A3n
https://vi.wikipedia.org/wiki/H%C3%A0n_Qu%E1%BB%91c,https://vi.wikipedia.org/wiki/Ch%E1%BB%AF_H%C3%A1n
https://vi.wikipedia.org/wiki/H%C3%A0n_Qu%E1%BB%91c,https://vi.wikipedia.org/wiki/Vi%E1%BB%87t_Nam_C%E1%BB%99ng_h%C3%B2a
https://vi.wikipedia.org/wiki/H%C3%A0n_Qu%E1%BB%91c,https://vi.wikipedia.org/w/index.php?title=H%C3%A0n_Qu%E1%BB%91c&veaction=edit&section=2
https://vi.wikipedia.org/wiki/H%C3%A0n_Qu%E1%BB%91c,https://vi.wikipedia.org/w/index.php?title=H%C3%A0n_Qu%E1%BB%91c&action=edit&section=2
https://vi.wikipedia.org/wiki/H%C3%A0n_Qu%E1%BB%91c,https://vi.wikipedia.org/wiki/L%E1%BB%8Bch_s%E1%BB%AD_Tri%E1%BB%81u_Ti%C3%AAn
https://vi.wikipedia.org/wiki/H%C3%A0n_Qu%E1%BB%91c,https://vi.wikipedia.org/wiki/1945
https://vi.wikipedia.org/wiki/H%C3%A0n_Qu%E1%BB%91c,https://vi.wikipedia.org/wiki/L%E1%BB%8Bch_s%E1%BB%AD_Tri%E1%BB%81u_Ti%C3%AAn
https://vi.wikipedia.org/wiki/H%C3%A0n_Qu%E1%BB%91c,https://vi.wikipedia.org/wiki/T%E1%BB%95ng_th%E1%BB%91ng_H%C3%A0n_Qu%E1%BB%91c
https://vi.wikipedia.org/wiki/H%C3%A0n_Qu%E1%BB%91c,https://vi.wikipedia.org/w/index.php?title=H%C3%A0n_Qu%E1%BB%91c&veaction=edit&section=3
https://vi.wikipedia.org/wiki/H%C3%A0n_Qu%E1%BB%91c,https://vi.wikipedia.org/w/index.php?title=H%C3%A0n_Qu%E1%BB%91c&action=edit&section=3
https://vi.wikipedia.org/wiki/H%C3%A0n_Qu%E1%BB%91c,https://vi.wikipedia.org/wiki/Nh%E1%BA%ADt_B%E1%BA%A3n
https://vi.wikipedia.org/wiki/H%C3%A0n_Qu%E1%BB%91c,https://vi.wikipedia.org/wiki/Chi%E1%BA%BFn_tranh_th%E1%BA%BF_gi%E1%BB%9Bi_th%E1%BB%A9_hai
https://vi.wikipedia.org/wiki/H%C3%A0n_Qu%E1%BB%91c,https://vi.wikipedia.org/wiki/%C4%90%E1%BA%A1i_h%E1%BB%99i_%C4%91%E1%BB%93ng_Li%C3%AAn_Hi%E1%BB%87p_Qu%E1%BB%91c
https://vi.wikipedia.org/wiki/H%C3%A0n_Qu%E1%BB%91c,https://vi.wikipedia.org/wiki/Li%C3%AAn_X%C3%B4
https://vi.wikipedia.org/wiki/H%C3%A0n_Qu%E1%BB%91c,https://vi.wikipedia.org/wiki/Tri%E1%BB%81u_Ti%C3%AAn
https://vi.wikipedia.org/wiki/H%C3%A0n_Qu%E1%BB%91c,https://vi.wikipedia.org/wiki/Chi%E1%BA%BFn_tranh_Tri%E1%BB%81u_Ti%C3%AAn
https://vi.wikipedia.org/wiki/H%C3%A0n_Qu%E1%BB%91c,https://vi.wikipedia.org/wiki/Qu%C3%A2n_%C4%91%E1%BB%99i_Nh%C3%A2n_d%C3%A2n_Tri%E1%BB%81u_Ti%C3%AAn
https://vi.wikipedia.org/wiki/H%C3%A0n_Qu%E1%BB%91c,https://vi.wikipedia.org/wiki/Chi%E1%BA%BFn_tranh_Tri%E1%BB%81u_Ti%C3%AAn
https://vi.wikipedia.org/wiki/H%C3%A0n_Qu%E1%BB%91c,https://vi.wikipedia.org/wiki/Hoa_K%E1%BB%B3
https://vi.wikipedia.org/wiki/H%C3%A0n_Qu%E1%BB%91c,https://vi.wikipedia.org/wiki/Li%C3%AAn_Hi%E1%BB%87p_Qu%E1%BB%91c
https://vi.wikipedia.org/wiki/H%C3%A0n_Qu%E1%BB%91c,https://vi.wikipedia.org/wiki/Li%C3%AAn_X%C3%B4
https://vi.wikipedia.org/wiki/H%C3%A0n_Qu%E1%BB%91c,https://vi.wikipedia.org/wiki/Trung_Qu%E1%BB%91c
https://vi.wikipedia.org/wiki/H%C3%A0n_Qu%E1%BB%91c,https://vi.wikipedia.org/wiki/B%C3%A1n_%C4%91%E1%BA%A3o_Tri%E1%BB%81u_Ti%C3%AAn
https://vi.wikipedia.org/wiki/H%C3%A0n_Qu%E1%BB%91c,https://vi.wikipedia.org/wiki/H%E1%BB%87_th%E1%BB%91ng_x%C3%A3_h%E1%BB%99i_ch%E1%BB%A7_ngh%C4%A9a
https://vi.wikipedia.org/wiki/H%C3%A0n_Qu%E1%BB%91c,https://vi.wikipedia.org/wiki/Th%E1%BA%ADp_ni%C3%AAn_1960
https://vi.wikipedia.org/wiki/H%C3%A0n_Qu%E1%BB%91c,https://vi.wikipedia.org/wiki/Th%E1%BA%ADp_ni%C3%AAn_1970
https://vi.wikipedia.org/wiki/H%C3%A0n_Qu%E1%BB%91c,https://vi.wikipedia.org/wiki/Th%E1%BA%ADp_ni%C3%AAn_1990
https://vi.wikipedia.org/wiki/H%C3%A0n_Qu%E1%BB%91c,https://vi.wikipedia.org/wiki/T%E1%BA%ADp_tin:Park_Geun-hye.jpg
https://vi.wikipedia.org/wiki/H%C3%A0n_Qu%E1%BB%91c,https://vi.wikipedia.org/wiki/T%E1%BA%ADp_tin:Park_Geun-hye.jpg
https://vi.wikipedia.org/wiki/H%C3%A0n_Qu%E1%BB%91c,https://vi.wikipedia.org/wiki/Park_Geun-hye
https://vi.wikipedia.org/wiki/H%C3%A0n_Qu%E1%BB%91c,https://vi.wikipedia.org/wiki/Park_Chung_Hee
https://vi.wikipedia.org/wiki/H%C3%A0n_Qu%E1%BB%91c,https://vi.wikipedia.org/wiki/T%E1%BB%95ng_th%E1%BB%91ng
https://vi.wikipedia.org/wiki/H%C3%A0n_Qu%E1%BB%91c,https://vi.wikipedia.org/wiki/1948
https://vi.wikipedia.org/wiki/H%C3%A0n_Qu%E1%BB%91c,https://vi.wikipedia.org/wiki/L%C3%BD_Th%E1%BB%ABa_V%C3%A3n
https://vi.wikipedia.org/wiki/H%C3%A0n_Qu%E1%BB%91c,https://vi.wikipedia.org/wiki/%C4%90%E1%BB%99c_t%C3%A0i
https://vi.wikipedia.org/wiki/H%C3%A0n_Qu%E1%BB%91c,https://vi.wikipedia.org/wiki/Tham_nh%C5%A9ng
https://vi.wikipedia.org/wiki/H%C3%A0n_Qu%E1%BB%91c,https://vi.wikipedia.org/wiki/Chang_Myon
https://vi.wikipedia.org/wiki/H%C3%A0n_Qu%E1%BB%91c,https://vi.wikipedia.org/wiki/Park_Chung_Hee
https://vi.wikipedia.org/wiki/H%C3%A0n_Qu%E1%BB%91c,https://vi.wikipedia.org/wiki/1963
https://vi.wikipedia.org/wiki/H%C3%A0n_Qu%E1%BB%91c,https://vi.wikipedia.org/wiki/Qu%C3%A2n_%C4%91%E1%BB%99i_H%C3%A0n_Qu%E1%BB%91c
https://vi.wikipedia.org/wiki/H%C3%A0n_Qu%E1%BB%91c,https://vi.wikipedia.org/wiki/L%C3%ADnh_%C4%91%C3%A1nh_thu%C3%AA
https://vi.wikipedia.org/wiki/H%C3%A0n_Qu%E1%BB%91c,https://vi.wikipedia.org/wiki/Chi%E1%BA%BFn_tranh_Vi%E1%BB%87t_Nam
https://vi.wikipedia.org/wiki/H%C3%A0n_Qu%E1%BB%91c,https://vi.wikipedia.org/wiki/%C4%90%E1%BA%A3o_ch%C3%ADnh
https://vi.wikipedia.org/wiki/H%C3%A0n_Qu%E1%BB%91c,https://vi.wikipedia.org/w/index.php?title=%C4%90%E1%BA%A1i_h%E1%BB%8Dc_Pusan&action=edit&redlink=1
https://vi.wikipedia.org/wiki/H%C3%A0n_Qu%E1%BB%91c,https://vi.wikipedia.org/w/index.php?title=%C4%90%E1%BA%A1i_h%E1%BB%8Dc_T%E1%BB%95ng_h%E1%BB%A3p_Kyungnam&action=edit&redlink=1
https://vi.wikipedia.org/wiki/H%C3%A0n_Qu%E1%BB%91c,https://vi.wikipedia.org/w/index.php?title=Kim_Jae-kyu&action=edit&redlink=1
https://vi.wikipedia.org/wiki/H%C3%A0n_Qu%E1%BB%91c,https://vi.wikipedia.org/wiki/T%E1%BB%AD_h%C3%ACnh
https://vi.wikipedia.org/wiki/H%C3%A0n_Qu%E1%BB%91c,https://vi.wikipedia.org/wiki/T%E1%BA%ADp_tin:Mangwol-dong-cemetery.JPG
https://vi.wikipedia.org/wiki/H%C3%A0n_Qu%E1%BB%91c,https://vi.wikipedia.org/wiki/T%E1%BA%ADp_tin:Mangwol-dong-cemetery.JPG
https://vi.wikipedia.org/wiki/H%C3%A0n_Qu%E1%BB%91c,https://vi.wikipedia.org/wiki/Gwangju
https://vi.wikipedia.org/wiki/H%C3%A0n_Qu%E1%BB%91c,https://vi.wikipedia.org/wiki/Th%E1%BA%A3m_s%C3%A1t_Gwangju
https://vi.wikipedia.org/wiki/H%C3%A0n_Qu%E1%BB%91c,https://vi.wikipedia.org/wiki/Ch%C3%B4n_c%E1%BA%A5t
https://vi.wikipedia.org/wiki/H%C3%A0n_Qu%E1%BB%91c,https://vi.wikipedia.org/wiki/1980
https://vi.wikipedia.org/wiki/H%C3%A0n_Qu%E1%BB%91c,https://vi.wikipedia.org/wiki/Jeon_Du-hwan
https://vi.wikipedia.org/wiki/H%C3%A0n_Qu%E1%BB%91c,https://vi.wikipedia.org/wiki/Phong_tr%C3%A0o_d%C3%A2n_ch%E1%BB%A7_Gwangju
https://vi.wikipedia.org/wiki/H%C3%A0n_Qu%E1%BB%91c,https://vi.wikipedia.org/wiki/Chun_Doo-hwan
https://vi.wikipedia.org/wiki/H%C3%A0n_Qu%E1%BB%91c,https://vi.wikipedia.org/wiki/T%E1%BB%AD_h%C3%ACnh
https://vi.wikipedia.org/wiki/H%C3%A0n_Qu%E1%BB%91c,https://vi.wikipedia.org/wiki/Chung_th%C3%A2n
https://vi.wikipedia.org/wiki/H%C3%A0n_Qu%E1%BB%91c,https://vi.wikipedia.org/wiki/1987
https://vi.wikipedia.org/wiki/H%C3%A0n_Qu%E1%BB%91c,https://vi.wikipedia.org/wiki/No_Tae-u
https://vi.wikipedia.org/wiki/H%C3%A0n_Qu%E1%BB%91c,https://vi.wikipedia.org/wiki/1987
https://vi.wikipedia.org/wiki/H%C3%A0n_Qu%E1%BB%91c,https://vi.wikipedia.org/wiki/Kim_Yeong-sam
https://vi.wikipedia.org/wiki/H%C3%A0n_Qu%E1%BB%91c,https://vi.wikipedia.org/wiki/1992
https://vi.wikipedia.org/wiki/H%C3%A0n_Qu%E1%BB%91c,https://vi.wikipedia.org/wiki/1997
https://vi.wikipedia.org/wiki/H%C3%A0n_Qu%E1%BB%91c,https://vi.wikipedia.org/wiki/Kim_Dae-jung
https://vi.wikipedia.org/wiki/H%C3%A0n_Qu%E1%BB%91c,https://vi.wikipedia.org/wiki/Gi%E1%BA%A3i_Nobel
https://vi.wikipedia.org/wiki/H%C3%A0n_Qu%E1%BB%91c,https://vi.wikipedia.org/wiki/2003
https://vi.wikipedia.org/wiki/H%C3%A0n_Qu%E1%BB%91c,https://vi.wikipedia.org/wiki/Roh_Moo-hyun
https://vi.wikipedia.org/wiki/H%C3%A0n_Qu%E1%BB%91c,https://vi.wikipedia.org/wiki/T%E1%BB%95ng_th%E1%BB%91ng_H%C3%A0n_Qu%E1%BB%91c
https://vi.wikipedia.org/wiki/H%C3%A0n_Qu%E1%BB%91c,https://vi.wikipedia.org/wiki/Tham_nh%C5%A9ng
https://vi.wikipedia.org/wiki/H%C3%A0n_Qu%E1%BB%91c,https://vi.wikipedia.org/wiki/T%E1%BB%B1_s%C3%A1t
https://vi.wikipedia.org/wiki/H%C3%A0n_Qu%E1%BB%91c,https://vi.wikipedia.org/wiki/Lee_Myung-bak
https://vi.wikipedia.org/wiki/H%C3%A0n_Qu%E1%BB%91c,https://vi.wikipedia.org/wiki/Park_Geun-hye
https://vi.wikipedia.org/wiki/H%C3%A0n_Qu%E1%BB%91c,https://vi.wikipedia.org/wiki/Tham_nh%C5%A9ng
https://vi.wikipedia.org/wiki/H%C3%A0n_Qu%E1%BB%91c,https://vi.wikipedia.org/w/index.php?title=Lu%E1%BA%ADt_an_ninh_qu%E1%BB%91c_gia_H%C3%A0n_Qu%E1%BB%91c&action=edit&redlink=1
https://vi.wikipedia.org/wiki/H%C3%A0n_Qu%E1%BB%91c,https://vi.wikipedia.org/wiki/Roh_Moo-hyun
https://vi.wikipedia.org/wiki/H%C3%A0n_Qu%E1%BB%91c,https://vi.wikipedia.org/wiki/2000
https://vi.wikipedia.org/wiki/H%C3%A0n_Qu%E1%BB%91c,https://vi.wikipedia.org/w/index.php?title=Ch%C3%ADnh_s%C3%A1ch_%C3%A1nh_d%C6%B0%C6%A1ng&action=edit&redlink=1
https://vi.wikipedia.org/wiki/H%C3%A0n_Qu%E1%BB%91c,https://vi.wikipedia.org/w/index.php?title=H%C3%A0n_Qu%E1%BB%91c&veaction=edit&section=4
https://vi.wikipedia.org/wiki/H%C3%A0n_Qu%E1%BB%91c,https://vi.wikipedia.org/w/index.php?title=H%C3%A0n_Qu%E1%BB%91c&action=edit&section=4
https://vi.wikipedia.org/wiki/H%C3%A0n_Qu%E1%BB%91c,https://vi.wikipedia.org/wiki/T%E1%BA%ADp_tin:Bi%E1%BB%83u_t%C3%ACnh.JPG
https://vi.wikipedia.org/wiki/H%C3%A0n_Qu%E1%BB%91c,https://vi.wikipedia.org/wiki/T%E1%BA%ADp_tin:Bi%E1%BB%83u_t%C3%ACnh.JPG
https://vi.wikipedia.org/wiki/H%C3%A0n_Qu%E1%BB%91c,https://vi.wikipedia.org/wiki/C%C3%B4ng_d%C3%A2n
https://vi.wikipedia.org/wiki/H%C3%A0n_Qu%E1%BB%91c,https://vi.wikipedia.org/wiki/Nh%C3%A0_Xanh
https://vi.wikipedia.org/wiki/H%C3%A0n_Qu%E1%BB%91c,https://vi.wikipedia.org/wiki/Ph%C3%A1c_Ch%C3%ADnh_Hy
https://vi.wikipedia.org/wiki/H%C3%A0n_Qu%E1%BB%91c,https://vi.wikipedia.org/wiki/Ph%C3%A1c_Ch%C3%ADnh_Hy
https://vi.wikipedia.org/wiki/H%C3%A0n_Qu%E1%BB%91c,https://vi.wikipedia.org/wiki/%C4%90%E1%BB%99c_t%C3%A0i
https://vi.wikipedia.org/wiki/H%C3%A0n_Qu%E1%BB%91c,https://vi.wikipedia.org/wiki/Ph%C3%A1c_Ch%C3%ADnh_Hy
https://vi.wikipedia.org/wiki/H%C3%A0n_Qu%E1%BB%91c,https://vi.wikipedia.org/wiki/Tham_nh%C5%A9ng
https://vi.wikipedia.org/wiki/H%C3%A0n_Qu%E1%BB%91c,https://vi.wikipedia.org/wiki/T%E1%BB%AD_h%C3%ACnh
https://vi.wikipedia.org/wiki/H%C3%A0n_Qu%E1%BB%91c,https://vi.wikipedia.org/wiki/Tham_nh%C5%A9ng
https://vi.wikipedia.org/wiki/H%C3%A0n_Qu%E1%BB%91c,https://vi.wikipedia.org/w/index.php?title=Th%E1%BA%AFt_l%C6%B0ng_bu%E1%BB%99c_b%E1%BB%A5ng&action=edit&redlink=1
https://vi.wikipedia.org/wiki/H%C3%A0n_Qu%E1%BB%91c,https://vi.wikipedia.org/w/index.php?title=Michael_Schuman&action=edit&redlink=1
https://vi.wikipedia.org/wiki/H%C3%A0n_Qu%E1%BB%91c,https://vi.wikipedia.org/wiki/T%E1%BA%ADp_tin:Phong_Nhi_massacre_3.jpg
https://vi.wikipedia.org/wiki/H%C3%A0n_Qu%E1%BB%91c,https://vi.wikipedia.org/wiki/T%E1%BA%ADp_tin:Phong_Nhi_massacre_3.jpg
https://vi.wikipedia.org/wiki/H%C3%A0n_Qu%E1%BB%91c,https://vi.wikipedia.org/wiki/Chi%E1%BA%BFn_tranh_Vi%E1%BB%87t_Nam
https://vi.wikipedia.org/wiki/H%C3%A0n_Qu%E1%BB%91c,https://vi.wikipedia.org/wiki/T%E1%BB%99i_%C3%A1c_chi%E1%BA%BFn_tranh
https://vi.wikipedia.org/wiki/H%C3%A0n_Qu%E1%BB%91c,https://vi.wikipedia.org/wiki/Th%E1%BA%A3m_s%C3%A1t
https://vi.wikipedia.org/wiki/H%C3%A0n_Qu%E1%BB%91c,https://vi.wikipedia.org/wiki/Lyndon_B._Johnson
https://vi.wikipedia.org/wiki/H%C3%A0n_Qu%E1%BB%91c,https://vi.wikipedia.org/wiki/Richard_Nixon
https://vi.wikipedia.org/wiki/H%C3%A0n_Qu%E1%BB%91c,https://vi.wikipedia.org/wiki/Moon_Jae-in
https://vi.wikipedia.org/wiki/H%C3%A0n_Qu%E1%BB%91c,https://vi.wikipedia.org/w/index.php?title=%C4%90%E1%BB%99c_t%C3%A0i_qu%C3%A2n_s%E1%BB%B1&action=edit&redlink=1
https://vi.wikipedia.org/wiki/H%C3%A0n_Qu%E1%BB%91c,https://vi.wikipedia.org/wiki/V%C4%83n_h%C3%B3a
https://vi.wikipedia.org/wiki/H%C3%A0n_Qu%E1%BB%91c,https://vi.wikipedia.org/wiki/Nho_gi%C3%A1o
https://vi.wikipedia.org/wiki/H%C3%A0n_Qu%E1%BB%91c,https://vi.wikipedia.org/wiki/Ph%C3%A1c_Ch%C3%ADnh_Hy
https://vi.wikipedia.org/wiki/H%C3%A0n_Qu%E1%BB%91c,https://vi.wikipedia.org/wiki/Di_s%E1%BA%A3n_v%C4%83n_h%C3%B3a
https://vi.wikipedia.org/wiki/H%C3%A0n_Qu%E1%BB%91c,https://vi.wikipedia.org/wiki/Ph%C3%A1c_Ch%C3%ADnh_Hy
https://vi.wikipedia.org/wiki/H%C3%A0n_Qu%E1%BB%91c,https://vi.wikipedia.org/wiki/Nho_gi%C3%A1o
https://vi.wikipedia.org/wiki/H%C3%A0n_Qu%E1%BB%91c,https://vi.wikipedia.org/wiki/Th%E1%BA%ADp_ni%C3%AAn_1980
https://vi.wikipedia.org/wiki/H%C3%A0n_Qu%E1%BB%91c,https://vi.wikipedia.org/wiki/N%C6%B0%E1%BB%9Bc_c%C3%B4ng_nghi%E1%BB%87p_m%E1%BB%9Bi
https://vi.wikipedia.org/wiki/H%C3%A0n_Qu%E1%BB%91c,https://vi.wikipedia.org/wiki/2004
https://vi.wikipedia.org/wiki/H%C3%A0n_Qu%E1%BB%91c,https://vi.wikipedia.org/wiki/Danh_s%C3%A1ch_qu%E1%BB%91c_gia_theo_GDP
https://vi.wikipedia.org/wiki/H%C3%A0n_Qu%E1%BB%91c,https://vi.wikipedia.org/wiki/%C4%90%C3%B4_la_M%E1%BB%B9
https://vi.wikipedia.org/wiki/H%C3%A0n_Qu%E1%BB%91c,https://vi.wikipedia.org/wiki/S%C3%B4ng_H%C3%A1n_(Tri%E1%BB%81u_Ti%C3%AAn)
https://vi.wikipedia.org/wiki/H%C3%A0n_Qu%E1%BB%91c,https://vi.wikipedia.org/wiki/%C4%90%E1%BB%99c_t%C3%A0i
https://vi.wikipedia.org/wiki/H%C3%A0n_Qu%E1%BB%91c,https://vi.wikipedia.org/w/index.php?title=B%C3%B3c_l%E1%BB%99t&action=edit&redlink=1
https://vi.wikipedia.org/wiki/H%C3%A0n_Qu%E1%BB%91c,https://vi.wikipedia.org/w/index.php?title=H%C3%A0n_Qu%E1%BB%91c&veaction=edit&section=5
https://vi.wikipedia.org/wiki/H%C3%A0n_Qu%E1%BB%91c,https://vi.wikipedia.org/w/index.php?title=H%C3%A0n_Qu%E1%BB%91c&action=edit&section=5
https://vi.wikipedia.org/wiki/H%C3%A0n_Qu%E1%BB%91c,https://vi.wikipedia.org/wiki/T%E1%BA%ADp_tin:Korea-Jejudo-Coast-03.jpg
https://vi.wikipedia.org/wiki/H%C3%A0n_Qu%E1%BB%91c,https://vi.wikipedia.org/wiki/T%E1%BA%ADp_tin:Korea-Jejudo-Coast-03.jpg
https://vi.wikipedia.org/wiki/H%C3%A0n_Qu%E1%BB%91c,https://vi.wikipedia.org/wiki/%C4%90%E1%BA%A3o_Jeju
https://vi.wikipedia.org/wiki/H%C3%A0n_Qu%E1%BB%91c,https://vi.wikipedia.org/wiki/T%E1%BA%ADp_tin:South_Korea_Topography.png
https://vi.wikipedia.org/wiki/H%C3%A0n_Qu%E1%BB%91c,https://vi.wikipedia.org/wiki/T%E1%BA%ADp_tin:South_Korea_Topography.png
https://vi.wikipedia.org/wiki/H%C3%A0n_Qu%E1%BB%91c,https://vi.wikipedia.org/wiki/B%C3%A1n_%C4%91%E1%BA%A3o_Tri%E1%BB%81u_Ti%C3%AAn
https://vi.wikipedia.org/wiki/H%C3%A0n_Qu%E1%BB%91c,https://vi.wikipedia.org/wiki/%C4%90%C3%B4ng_%C3%81
https://vi.wikipedia.org/wiki/H%C3%A0n_Qu%E1%BB%91c,https://vi.wikipedia.org/wiki/CHDCND_Tri%E1%BB%81u_Ti%C3%AAn
https://vi.wikipedia.org/wiki/H%C3%A0n_Qu%E1%BB%91c,https://vi.wikipedia.org/wiki/Ho%C3%A0ng_H%E1%BA%A3i
https://vi.wikipedia.org/wiki/H%C3%A0n_Qu%E1%BB%91c,https://vi.wikipedia.org/wiki/Bi%E1%BB%83n_Hoa_%C4%90%C3%B4ng
https://vi.wikipedia.org/wiki/H%C3%A0n_Qu%E1%BB%91c,https://vi.wikipedia.org/wiki/Ulleungdo
https://vi.wikipedia.org/wiki/H%C3%A0n_Qu%E1%BB%91c,https://vi.wikipedia.org/wiki/%C4%90%E1%BA%A3o_Liancourt
https://vi.wikipedia.org/wiki/H%C3%A0n_Qu%E1%BB%91c,https://vi.wikipedia.org/wiki/Bi%E1%BB%83n_Nh%E1%BA%ADt_B%E1%BA%A3n
https://vi.wikipedia.org/wiki/H%C3%A0n_Qu%E1%BB%91c,https://vi.wikipedia.org/wiki/N%C3%BAi
https://vi.wikipedia.org/wiki/H%C3%A0n_Qu%E1%BB%91c,https://vi.wikipedia.org/wiki/%C4%90%E1%BB%93ng_b%E1%BA%B1ng_duy%C3%AAn_h%E1%BA%A3i
https://vi.wikipedia.org/wiki/H%C3%A0n_Qu%E1%BB%91c,https://vi.wikipedia.org/wiki/Saemangeum
https://vi.wikipedia.org/wiki/H%C3%A0n_Qu%E1%BB%91c,https://vi.wikipedia.org/w/index.php?title=B%C3%A3i_n%E1%BB%95i_ven_bi%E1%BB%83n&action=edit&redlink=1
https://vi.wikipedia.org/wiki/H%C3%A0n_Qu%E1%BB%91c,https://vi.wikipedia.org/w/index.php?title=H%C3%A0n_Qu%E1%BB%91c&veaction=edit&section=6
https://vi.wikipedia.org/wiki/H%C3%A0n_Qu%E1%BB%91c,https://vi.wikipedia.org/w/index.php?title=H%C3%A0n_Qu%E1%BB%91c&action=edit&section=6
https://vi.wikipedia.org/wiki/H%C3%A0n_Qu%E1%BB%91c,https://vi.wikipedia.org/wiki/Jeju
https://vi.wikipedia.org/wiki/H%C3%A0n_Qu%E1%BB%91c,https://vi.wikipedia.org/wiki/Hallasan
https://vi.wikipedia.org/wiki/H%C3%A0n_Qu%E1%BB%91c,https://vi.wikipedia.org/wiki/Ulleungdo
https://vi.wikipedia.org/wiki/H%C3%A0n_Qu%E1%BB%91c,https://vi.wikipedia.org/wiki/Liancourt
https://vi.wikipedia.org/wiki/H%C3%A0n_Qu%E1%BB%91c,https://vi.wikipedia.org/wiki/Marado
https://vi.wikipedia.org/wiki/H%C3%A0n_Qu%E1%BB%91c,https://vi.wikipedia.org/wiki/Socotra
https://vi.wikipedia.org/wiki/H%C3%A0n_Qu%E1%BB%91c,https://vi.wikipedia.org/wiki/T%E1%BA%ADp_tin:FAS_Korea_2010003_terra_250m.jpg
https://vi.wikipedia.org/wiki/H%C3%A0n_Qu%E1%BB%91c,https://vi.wikipedia.org/wiki/T%E1%BA%ADp_tin:FAS_Korea_2010003_terra_250m.jpg
https://vi.wikipedia.org/wiki/H%C3%A0n_Qu%E1%BB%91c,https://vi.wikipedia.org/wiki/Seoul
https://vi.wikipedia.org/wiki/H%C3%A0n_Qu%E1%BB%91c,https://vi.wikipedia.org/wiki/Incheon
https://vi.wikipedia.org/wiki/H%C3%A0n_Qu%E1%BB%91c,https://vi.wikipedia.org/wiki/Daejeon
https://vi.wikipedia.org/wiki/H%C3%A0n_Qu%E1%BB%91c,https://vi.wikipedia.org/wiki/Gwangju
https://vi.wikipedia.org/wiki/H%C3%A0n_Qu%E1%BB%91c,https://vi.wikipedia.org/wiki/Daegu
https://vi.wikipedia.org/wiki/H%C3%A0n_Qu%E1%BB%91c,https://vi.wikipedia.org/wiki/Busan
https://vi.wikipedia.org/wiki/H%C3%A0n_Qu%E1%BB%91c,https://vi.wikipedia.org/w/index.php?title=H%C3%A0n_Qu%E1%BB%91c&veaction=edit&section=7
https://vi.wikipedia.org/wiki/H%C3%A0n_Qu%E1%BB%91c,https://vi.wikipedia.org/w/index.php?title=H%C3%A0n_Qu%E1%BB%91c&action=edit&section=7
https://vi.wikipedia.org/wiki/H%C3%A0n_Qu%E1%BB%91c,https://vi.wikipedia.org/wiki/M%C3%B9a_h%E1%BA%A1
https://vi.wikipedia.org/wiki/H%C3%A0n_Qu%E1%BB%91c,https://vi.wikipedia.org/wiki/M%C3%B9a_m%C6%B0a
https://vi.wikipedia.org/wiki/H%C3%A0n_Qu%E1%BB%91c,https://vi.wikipedia.org/wiki/M%C3%B9a_%C4%91%C3%B4ng
https://vi.wikipedia.org/wiki/H%C3%A0n_Qu%E1%BB%91c,https://vi.wikipedia.org/wiki/%C4%90%E1%BB%99_Celsius
https://vi.wikipedia.org/wiki/H%C3%A0n_Qu%E1%BB%91c,https://vi.wikipedia.org/wiki/Xibia
https://vi.wikipedia.org/wiki/H%C3%A0n_Qu%E1%BB%91c,https://vi.wikipedia.org/wiki/%C4%90%E1%BA%A3o_Jeju
https://vi.wikipedia.org/wiki/H%C3%A0n_Qu%E1%BB%91c,https://vi.wikipedia.org/w/index.php?title=H%C3%A0n_Qu%E1%BB%91c&veaction=edit&section=8
https://vi.wikipedia.org/wiki/H%C3%A0n_Qu%E1%BB%91c,https://vi.wikipedia.org/w/index.php?title=H%C3%A0n_Qu%E1%BB%91c&action=edit&section=8
https://vi.wikipedia.org/wiki/H%C3%A0n_Qu%E1%BB%91c,https://vi.wikipedia.org/wiki/%C4%90%C6%A1n_v%E1%BB%8B_h%C3%A0nh_ch%C3%ADnh_H%C3%A0n_Qu%E1%BB%91c
https://vi.wikipedia.org/wiki/H%C3%A0n_Qu%E1%BB%91c,https://vi.wikipedia.org/wiki/Hangul
https://vi.wikipedia.org/wiki/H%C3%A0n_Qu%E1%BB%91c,https://vi.wikipedia.org/wiki/Hanja
https://vi.wikipedia.org/wiki/H%C3%A0n_Qu%E1%BB%91c,https://vi.wikipedia.org/wiki/T%E1%BB%AB_H%C3%A1n-Vi%E1%BB%87t
https://vi.wikipedia.org/wiki/H%C3%A0n_Qu%E1%BB%91c,https://vi.wikipedia.org/wiki/D%C3%A2n_s%E1%BB%91
https://vi.wikipedia.org/wiki/H%C3%A0n_Qu%E1%BB%91c,https://vi.wikipedia.org/wiki/Seoul
https://vi.wikipedia.org/wiki/H%C3%A0n_Qu%E1%BB%91c,https://vi.wikipedia.org/wiki/Busan
https://vi.wikipedia.org/wiki/H%C3%A0n_Qu%E1%BB%91c,https://vi.wikipedia.org/wiki/Daegu
https://vi.wikipedia.org/wiki/H%C3%A0n_Qu%E1%BB%91c,https://vi.wikipedia.org/wiki/Incheon
https://vi.wikipedia.org/wiki/H%C3%A0n_Qu%E1%BB%91c,https://vi.wikipedia.org/wiki/Daejeon
https://vi.wikipedia.org/wiki/H%C3%A0n_Qu%E1%BB%91c,https://vi.wikipedia.org/wiki/Gwangju
https://vi.wikipedia.org/wiki/H%C3%A0n_Qu%E1%BB%91c,https://vi.wikipedia.org/wiki/Ulsan
https://vi.wikipedia.org/wiki/H%C3%A0n_Qu%E1%BB%91c,https://vi.wikipedia.org/wiki/Gyeonggi
https://vi.wikipedia.org/wiki/H%C3%A0n_Qu%E1%BB%91c,https://vi.wikipedia.org/wiki/Gangwon
https://vi.wikipedia.org/wiki/H%C3%A0n_Qu%E1%BB%91c,https://vi.wikipedia.org/wiki/Chungcheong_B%E1%BA%AFc
https://vi.wikipedia.org/wiki/H%C3%A0n_Qu%E1%BB%91c,https://vi.wikipedia.org/wiki/Chungcheong_Nam
https://vi.wikipedia.org/wiki/H%C3%A0n_Qu%E1%BB%91c,https://vi.wikipedia.org/wiki/Jeolla_B%E1%BA%AFc
https://vi.wikipedia.org/wiki/H%C3%A0n_Qu%E1%BB%91c,https://vi.wikipedia.org/wiki/Jeolla_Nam
https://vi.wikipedia.org/wiki/H%C3%A0n_Qu%E1%BB%91c,https://vi.wikipedia.org/wiki/Gyeongsang_B%E1%BA%AFc
https://vi.wikipedia.org/wiki/H%C3%A0n_Qu%E1%BB%91c,https://vi.wikipedia.org/wiki/Gyeongsang_Nam
https://vi.wikipedia.org/wiki/H%C3%A0n_Qu%E1%BB%91c,https://vi.wikipedia.org/wiki/Jeju_(t%E1%BB%89nh)
https://vi.wikipedia.org/wiki/H%C3%A0n_Qu%E1%BB%91c,https://vi.wikipedia.org/wiki/Sejong_(th%C3%A0nh_ph%E1%BB%91)
https://vi.wikipedia.org/wiki/H%C3%A0n_Qu%E1%BB%91c,https://vi.wikipedia.org/w/index.php?title=H%C3%A0n_Qu%E1%BB%91c&veaction=edit&section=9
https://vi.wikipedia.org/wiki/H%C3%A0n_Qu%E1%BB%91c,https://vi.wikipedia.org/w/index.php?title=H%C3%A0n_Qu%E1%BB%91c&action=edit&section=9
https://vi.wikipedia.org/wiki/H%C3%A0n_Qu%E1%BB%91c,https://vi.wikipedia.org/wiki/T%E1%BA%ADp_tin:Moon_Jae-in_May_2017.jpg
https://vi.wikipedia.org/wiki/H%C3%A0n_Qu%E1%BB%91c,https://vi.wikipedia.org/wiki/T%E1%BA%ADp_tin:Moon_Jae-in_May_2017.jpg
https://vi.wikipedia.org/wiki/H%C3%A0n_Qu%E1%BB%91c,https://vi.wikipedia.org/wiki/T%E1%BB%95ng_th%E1%BB%91ng_H%C3%A0n_Qu%E1%BB%91c
https://vi.wikipedia.org/wiki/H%C3%A0n_Qu%E1%BB%91c,https://vi.wikipedia.org/wiki/Th%E1%BB%A7_t%C6%B0%E1%BB%9Bng_H%C3%A0n_Qu%E1%BB%91c
https://vi.wikipedia.org/wiki/H%C3%A0n_Qu%E1%BB%91c,https://vi.wikipedia.org/wiki/Qu%E1%BB%91c_h%E1%BB%99i_H%C3%A0n_Qu%E1%BB%91c
https://vi.wikipedia.org/wiki/H%C3%A0n_Qu%E1%BB%91c,https://vi.wikipedia.org/w/index.php?title=To%C3%A0_%C3%A1n_t%E1%BB%91i_cao_H%C3%A0n_Qu%E1%BB%91c&action=edit&redlink=1
https://vi.wikipedia.org/wiki/H%C3%A0n_Qu%E1%BB%91c,https://vi.wikipedia.org/w/index.php?title=H%C3%A0n_Qu%E1%BB%91c&veaction=edit&section=10
https://vi.wikipedia.org/wiki/H%C3%A0n_Qu%E1%BB%91c,https://vi.wikipedia.org/w/index.php?title=H%C3%A0n_Qu%E1%BB%91c&action=edit&section=10
https://vi.wikipedia.org/wiki/H%C3%A0n_Qu%E1%BB%91c,https://vi.wikipedia.org/wiki/Ng%C6%B0%E1%BB%9Di_Tri%E1%BB%81u_Ti%C3%AAn
https://vi.wikipedia.org/wiki/H%C3%A0n_Qu%E1%BB%91c,https://vi.wikipedia.org/wiki/Hoa_ki%E1%BB%81u
https://vi.wikipedia.org/wiki/H%C3%A0n_Qu%E1%BB%91c,https://vi.wikipedia.org/w/index.php?title=Cu%E1%BB%99c_kh%E1%BB%A7ng_ho%E1%BA%A3ng_kinh_t%E1%BA%BF-t%C3%A0i_ch%C3%ADnh_ch%C3%A2u_%C3%81_n%C4%83m_1997&action=edit&redlink=1
https://vi.wikipedia.org/wiki/H%C3%A0n_Qu%E1%BB%91c,https://vi.wikipedia.org/wiki/Nh%E1%BA%ADt_B%E1%BA%A3n
https://vi.wikipedia.org/wiki/H%C3%A0n_Qu%E1%BB%91c,https://vi.wikipedia.org/wiki/Philippines
https://vi.wikipedia.org/wiki/H%C3%A0n_Qu%E1%BB%91c,https://vi.wikipedia.org/wiki/%E1%BA%A4n_%C4%90%E1%BB%99
https://vi.wikipedia.org/wiki/H%C3%A0n_Qu%E1%BB%91c,https://vi.wikipedia.org/wiki/Ch%C3%A2u_Phi
https://vi.wikipedia.org/wiki/H%C3%A0n_Qu%E1%BB%91c,https://vi.wikipedia.org/wiki/Hoa_K%E1%BB%B3
https://vi.wikipedia.org/wiki/H%C3%A0n_Qu%E1%BB%91c,https://vi.wikipedia.org/w/index.php?title=%C4%90%E1%BB%99ng_Itaewon&action=edit&redlink=1
https://vi.wikipedia.org/wiki/H%C3%A0n_Qu%E1%BB%91c,https://vi.wikipedia.org/wiki/Li%C3%AAn_Hi%E1%BB%87p_Qu%E1%BB%91c
https://vi.wikipedia.org/wiki/H%C3%A0n_Qu%E1%BB%91c,https://vi.wikipedia.org/wiki/Trung_Qu%E1%BB%91c
https://vi.wikipedia.org/wiki/H%C3%A0n_Qu%E1%BB%91c,https://vi.wikipedia.org/wiki/Trung_%C3%81
https://vi.wikipedia.org/wiki/H%C3%A0n_Qu%E1%BB%91c,https://vi.wikipedia.org/wiki/Iosif_Vissarionovich_Stalin
https://vi.wikipedia.org/wiki/H%C3%A0n_Qu%E1%BB%91c,https://vi.wikipedia.org/wiki/Canada
https://vi.wikipedia.org/wiki/H%C3%A0n_Qu%E1%BB%91c,https://vi.wikipedia.org/wiki/Hoa_K%E1%BB%B3
https://vi.wikipedia.org/wiki/H%C3%A0n_Qu%E1%BB%91c,https://vi.wikipedia.org/w/index.php?title=H%C3%A0n_Qu%E1%BB%91c&veaction=edit&section=11
https://vi.wikipedia.org/wiki/H%C3%A0n_Qu%E1%BB%91c,https://vi.wikipedia.org/w/index.php?title=H%C3%A0n_Qu%E1%BB%91c&action=edit&section=11
https://vi.wikipedia.org/wiki/H%C3%A0n_Qu%E1%BB%91c,https://vi.wikipedia.org/wiki/T%E1%BB%B1_s%C3%A1t
https://vi.wikipedia.org/wiki/H%C3%A0n_Qu%E1%BB%91c,https://vi.wikipedia.org/w/index.php?title=Ch%E1%BB%89_s%E1%BB%91_H%C6%B0u_tr%C3%AD_to%C3%A0n_c%E1%BA%A7u&action=edit&redlink=1
https://vi.wikipedia.org/wiki/H%C3%A0n_Qu%E1%BB%91c,https://vi.wikipedia.org/wiki/T%E1%BB%B1_s%C3%A1t
https://vi.wikipedia.org/wiki/H%C3%A0n_Qu%E1%BB%91c,https://vi.wikipedia.org/wiki/T%E1%BB%95_ch%E1%BB%A9c_H%E1%BB%A3p_t%C3%A1c_v%C3%A0_Ph%C3%A1t_tri%E1%BB%83n_Kinh_t%E1%BA%BF
https://vi.wikipedia.org/wiki/H%C3%A0n_Qu%E1%BB%91c,https://vi.wikipedia.org/wiki/Seoul
https://vi.wikipedia.org/wiki/H%C3%A0n_Qu%E1%BB%91c,https://vi.wikipedia.org/wiki/Roh_Moo-hyun
https://vi.wikipedia.org/wiki/H%C3%A0n_Qu%E1%BB%91c,https://vi.wikipedia.org/wiki/T%C3%A2m_th%E1%BA%A7n_h%E1%BB%8Dc
https://vi.wikipedia.org/wiki/H%C3%A0n_Qu%E1%BB%91c,https://vi.wikipedia.org/w/index.php?title=%C4%90%E1%BA%A1i_h%E1%BB%8Dc_Seoul&action=edit&redlink=1
https://vi.wikipedia.org/wiki/H%C3%A0n_Qu%E1%BB%91c,https://vi.wikipedia.org/wiki/Nh%E1%BA%ADt_B%E1%BA%A3n
https://vi.wikipedia.org/wiki/H%C3%A0n_Qu%E1%BB%91c,https://vi.wikipedia.org/w/index.php?title=H%C3%A0n_Qu%E1%BB%91c&veaction=edit&section=12
https://vi.wikipedia.org/wiki/H%C3%A0n_Qu%E1%BB%91c,https://vi.wikipedia.org/w/index.php?title=H%C3%A0n_Qu%E1%BB%91c&action=edit&section=12
https://vi.wikipedia.org/wiki/H%C3%A0n_Qu%E1%BB%91c,https://vi.wikipedia.org/wiki/Kinh_t%E1%BA%BF_H%C3%A0n_Qu%E1%BB%91c
https://vi.wikipedia.org/wiki/H%C3%A0n_Qu%E1%BB%91c,https://vi.wikipedia.org/wiki/T%E1%BA%ADp_tin:Auto_Show_061.jpg
https://vi.wikipedia.org/wiki/H%C3%A0n_Qu%E1%BB%91c,https://vi.wikipedia.org/wiki/T%E1%BA%ADp_tin:Auto_Show_061.jpg
https://vi.wikipedia.org/wiki/H%C3%A0n_Qu%E1%BB%91c,https://vi.wikipedia.org/wiki/Hyundai
https://vi.wikipedia.org/wiki/H%C3%A0n_Qu%E1%BB%91c,https://vi.wikipedia.org/wiki/T%E1%BA%ADp_tin:DDR2_ram_mounted.jpg
https://vi.wikipedia.org/wiki/H%C3%A0n_Qu%E1%BB%91c,https://vi.wikipedia.org/wiki/T%E1%BA%ADp_tin:DDR2_ram_mounted.jpg
https://vi.wikipedia.org/wiki/H%C3%A0n_Qu%E1%BB%91c,https://vi.wikipedia.org/wiki/B%C3%A1n_d%E1%BA%ABn
https://vi.wikipedia.org/wiki/H%C3%A0n_Qu%E1%BB%91c,https://vi.wikipedia.org/wiki/Kinh_t%E1%BA%BF_th%E1%BB%8B_tr%C6%B0%E1%BB%9Dng
https://vi.wikipedia.org/wiki/H%C3%A0n_Qu%E1%BB%91c,https://vi.wikipedia.org/wiki/Ch%C3%A2u_Phi
https://vi.wikipedia.org/wiki/H%C3%A0n_Qu%E1%BB%91c,https://vi.wikipedia.org/wiki/Ch%C3%A2u_%C3%81
https://vi.wikipedia.org/wiki/H%C3%A0n_Qu%E1%BB%91c,https://vi.wikipedia.org/wiki/T%E1%BB%95ng_s%E1%BA%A3n_ph%E1%BA%A9m_n%E1%BB%99i_%C4%91%E1%BB%8Ba
https://vi.wikipedia.org/wiki/H%C3%A0n_Qu%E1%BB%91c,https://vi.wikipedia.org/wiki/2005
https://vi.wikipedia.org/wiki/H%C3%A0n_Qu%E1%BB%91c,https://vi.wikipedia.org/wiki/Danh_s%C3%A1ch_qu%E1%BB%91c_gia_theo_GDP
https://vi.wikipedia.org/wiki/H%C3%A0n_Qu%E1%BB%91c,https://vi.wikipedia.org/wiki/PPP
https://vi.wikipedia.org/wiki/H%C3%A0n_Qu%E1%BB%91c,https://vi.wikipedia.org/wiki/Danh_s%C3%A1ch_qu%E1%BB%91c_gia_theo_GDP_(PPP)
https://vi.wikipedia.org/wiki/H%C3%A0n_Qu%E1%BB%91c,https://vi.wikipedia.org/wiki/1997
https://vi.wikipedia.org/wiki/H%C3%A0n_Qu%E1%BB%91c,https://vi.wikipedia.org/wiki/Qu%E1%BB%B9_Ti%E1%BB%81n_t%E1%BB%87_Qu%E1%BB%91c_t%E1%BA%BF
https://vi.wikipedia.org/wiki/H%C3%A0n_Qu%E1%BB%91c,https://vi.wikipedia.org/wiki/1998
https://vi.wikipedia.org/wiki/H%C3%A0n_Qu%E1%BB%91c,https://vi.wikipedia.org/wiki/2000
https://vi.wikipedia.org/wiki/H%C3%A0n_Qu%E1%BB%91c,https://vi.wikipedia.org/wiki/2003
https://vi.wikipedia.org/wiki/H%C3%A0n_Qu%E1%BB%91c,https://vi.wikipedia.org/wiki/T%E1%BA%ADp_%C4%91o%C3%A0n_Samsung
https://vi.wikipedia.org/wiki/H%C3%A0n_Qu%E1%BB%91c,https://vi.wikipedia.org/wiki/Hyundai
https://vi.wikipedia.org/wiki/H%C3%A0n_Qu%E1%BB%91c,https://vi.wikipedia.org/wiki/GM_Daewoo
https://vi.wikipedia.org/wiki/H%C3%A0n_Qu%E1%BB%91c,https://vi.wikipedia.org/wiki/Vi%E1%BB%87t_Nam
https://vi.wikipedia.org/wiki/H%C3%A0n_Qu%E1%BB%91c,https://vi.wikipedia.org/wiki/B%E1%BA%A3o_hi%E1%BB%83m
https://vi.wikipedia.org/wiki/H%C3%A0n_Qu%E1%BB%91c,https://vi.wikipedia.org/w/index.php?title=Ch%E1%BA%BF_t%E1%BA%A1o_m%C3%A1y&action=edit&redlink=1
https://vi.wikipedia.org/wiki/H%C3%A0n_Qu%E1%BB%91c,https://vi.wikipedia.org/w/index.php?title=Th%C6%B0%C6%A1ng_nghi%E1%BB%87p&action=edit&redlink=1
https://vi.wikipedia.org/wiki/H%C3%A0n_Qu%E1%BB%91c,https://vi.wikipedia.org/wiki/B%E1%BA%A5t_%C4%91%E1%BB%99ng_s%E1%BA%A3n
https://vi.wikipedia.org/wiki/H%C3%A0n_Qu%E1%BB%91c,https://vi.wikipedia.org/w/index.php?title=Kh%E1%BB%A7ng_ho%E1%BA%A3ng_kinh_t%E1%BA%BF-t%C3%A0i_ch%C3%ADnh_ch%C3%A2u_%C3%81&action=edit&redlink=1
https://vi.wikipedia.org/wiki/H%C3%A0n_Qu%E1%BB%91c,https://vi.wikipedia.org/wiki/General_Motors
https://vi.wikipedia.org/wiki/H%C3%A0n_Qu%E1%BB%91c,https://vi.wikipedia.org/w/index.php?title=H%C3%A0n_Qu%E1%BB%91c&veaction=edit&section=13
https://vi.wikipedia.org/wiki/H%C3%A0n_Qu%E1%BB%91c,https://vi.wikipedia.org/w/index.php?title=H%C3%A0n_Qu%E1%BB%91c&action=edit&section=13
https://vi.wikipedia.org/wiki/H%C3%A0n_Qu%E1%BB%91c,https://vi.wikipedia.org/w/index.php?title=H%C3%A0n_Qu%E1%BB%91c&veaction=edit&section=14
https://vi.wikipedia.org/wiki/H%C3%A0n_Qu%E1%BB%91c,https://vi.wikipedia.org/w/index.php?title=H%C3%A0n_Qu%E1%BB%91c&action=edit&section=14
https://vi.wikipedia.org/wiki/H%C3%A0n_Qu%E1%BB%91c,https://vi.wikipedia.org/wiki/T%E1%BA%ADp_tin:Hunmin_jeong-eum.jpg
https://vi.wikipedia.org/wiki/H%C3%A0n_Qu%E1%BB%91c,https://vi.wikipedia.org/wiki/T%E1%BA%ADp_tin:Hunmin_jeong-eum.jpg
https://vi.wikipedia.org/wiki/H%C3%A0n_Qu%E1%BB%91c,https://vi.wikipedia.org/wiki/Hangul
https://vi.wikipedia.org/wiki/H%C3%A0n_Qu%E1%BB%91c,https://vi.wikipedia.org/w/index.php?title=Hunmin_jeong-eum&action=edit&redlink=1
https://vi.wikipedia.org/wiki/H%C3%A0n_Qu%E1%BB%91c,https://vi.wikipedia.org/wiki/Ti%E1%BA%BFng_Tri%E1%BB%81u_Ti%C3%AAn
https://vi.wikipedia.org/wiki/H%C3%A0n_Qu%E1%BB%91c,https://vi.wikipedia.org/wiki/Ng%E1%BB%AF_h%E1%BB%87_Altai
https://vi.wikipedia.org/wiki/H%C3%A0n_Qu%E1%BB%91c,https://vi.wikipedia.org/wiki/Ti%E1%BA%BFng_Anh
https://vi.wikipedia.org/wiki/H%C3%A0n_Qu%E1%BB%91c,https://vi.wikipedia.org/wiki/Ti%E1%BA%BFng_Trung_Qu%E1%BB%91c
https://vi.wikipedia.org/wiki/H%C3%A0n_Qu%E1%BB%91c,https://vi.wikipedia.org/wiki/Ti%E1%BA%BFng_Nh%E1%BA%ADt
https://vi.wikipedia.org/wiki/H%C3%A0n_Qu%E1%BB%91c,https://vi.wikipedia.org/wiki/Ti%E1%BA%BFng_Ph%C3%A1p
https://vi.wikipedia.org/wiki/H%C3%A0n_Qu%E1%BB%91c,https://vi.wikipedia.org/wiki/Ti%E1%BA%BFng_%C4%90%E1%BB%A9c
https://vi.wikipedia.org/wiki/H%C3%A0n_Qu%E1%BB%91c,https://vi.wikipedia.org/wiki/Ti%E1%BA%BFng_T%C3%A2y_Ban_Nha
https://vi.wikipedia.org/wiki/H%C3%A0n_Qu%E1%BB%91c,https://vi.wikipedia.org/wiki/%C4%90%C3%B4ng_%C3%81
https://vi.wikipedia.org/wiki/H%C3%A0n_Qu%E1%BB%91c,https://vi.wikipedia.org/wiki/Hangul
https://vi.wikipedia.org/wiki/H%C3%A0n_Qu%E1%BB%91c,https://vi.wikipedia.org/wiki/Hangul
https://vi.wikipedia.org/wiki/H%C3%A0n_Qu%E1%BB%91c,https://vi.wikipedia.org/wiki/Ch%E1%BB%AF_H%C3%A1n
https://vi.wikipedia.org/wiki/H%C3%A0n_Qu%E1%BB%91c,https://vi.wikipedia.org/wiki/Hanja
https://vi.wikipedia.org/wiki/H%C3%A0n_Qu%E1%BB%91c,https://vi.wikipedia.org/wiki/Ch%E1%BB%AF_H%C3%A1n
https://vi.wikipedia.org/wiki/H%C3%A0n_Qu%E1%BB%91c,https://vi.wikipedia.org/w/index.php?title=Ch%E1%BB%AF_La_tinh&action=edit&redlink=1
https://vi.wikipedia.org/wiki/H%C3%A0n_Qu%E1%BB%91c,https://vi.wikipedia.org/wiki/%C4%90%C3%B4ng_%C3%81
https://vi.wikipedia.org/wiki/H%C3%A0n_Qu%E1%BB%91c,https://vi.wikipedia.org/wiki/%C4%90%C3%B4ng_Nam_%C3%81
https://vi.wikipedia.org/wiki/H%C3%A0n_Qu%E1%BB%91c,https://vi.wikipedia.org/wiki/Trung_Qu%E1%BB%91c
https://vi.wikipedia.org/wiki/H%C3%A0n_Qu%E1%BB%91c,https://vi.wikipedia.org/wiki/Ti%E1%BA%BFng_Trung_Qu%E1%BB%91c
https://vi.wikipedia.org/wiki/H%C3%A0n_Qu%E1%BB%91c,https://vi.wikipedia.org/w/index.php?title=T%E1%BB%AB_%C4%91%E1%BB%93ng_%C3%A2m&action=edit&redlink=1
https://vi.wikipedia.org/wiki/H%C3%A0n_Qu%E1%BB%91c,https://vi.wikipedia.org/w/index.php?title=H%C3%A0n_Qu%E1%BB%91c&veaction=edit&section=15
https://vi.wikipedia.org/wiki/H%C3%A0n_Qu%E1%BB%91c,https://vi.wikipedia.org/w/index.php?title=H%C3%A0n_Qu%E1%BB%91c&action=edit&section=15
https://vi.wikipedia.org/wiki/H%C3%A0n_Qu%E1%BB%91c,https://vi.wikipedia.org/wiki/Hwang_Sok-Yong
https://vi.wikipedia.org/wiki/H%C3%A0n_Qu%E1%BB%91c,https://vi.wikipedia.org/wiki/Chi%E1%BA%BFn_tranh_Vi%E1%BB%87t_Nam
https://vi.wikipedia.org/wiki/H%C3%A0n_Qu%E1%BB%91c,https://vi.wikipedia.org/w/index.php?title=H%C3%A0n_Qu%E1%BB%91c&veaction=edit&section=16
https://vi.wikipedia.org/wiki/H%C3%A0n_Qu%E1%BB%91c,https://vi.wikipedia.org/w/index.php?title=H%C3%A0n_Qu%E1%BB%91c&action=edit&section=16
https://vi.wikipedia.org/wiki/H%C3%A0n_Qu%E1%BB%91c,https://vi.wikipedia.org/wiki/Tin_L%C3%A0nh
https://vi.wikipedia.org/wiki/H%C3%A0n_Qu%E1%BB%91c,https://vi.wikipedia.org/wiki/C%C3%B4ng_gi%C3%A1o
https://vi.wikipedia.org/wiki/H%C3%A0n_Qu%E1%BB%91c,https://vi.wikipedia.org/wiki/Nho_gi%C3%A1o
https://vi.wikipedia.org/wiki/H%C3%A0n_Qu%E1%BB%91c,https://vi.wikipedia.org/wiki/T%C3%B4n_gi%C3%A1o
https://vi.wikipedia.org/wiki/H%C3%A0n_Qu%E1%BB%91c,https://vi.wikipedia.org/wiki/H%E1%BB%93i_gi%C3%A1o
https://vi.wikipedia.org/wiki/H%C3%A0n_Qu%E1%BB%91c,https://vi.wikipedia.org/wiki/Nh%C3%A2n_Ch%E1%BB%A9ng_Gi%C3%AA-h%C3%B4-va
https://vi.wikipedia.org/wiki/H%C3%A0n_Qu%E1%BB%91c,https://vi.wikipedia.org/w/index.php?title=H%C3%A0n_Qu%E1%BB%91c&veaction=edit&section=17
https://vi.wikipedia.org/wiki/H%C3%A0n_Qu%E1%BB%91c,https://vi.wikipedia.org/w/index.php?title=H%C3%A0n_Qu%E1%BB%91c&action=edit&section=17
https://vi.wikipedia.org/wiki/H%C3%A0n_Qu%E1%BB%91c,https://vi.wikipedia.org/wiki/T%E1%BA%ADp_tin:Korean_cuisine-Bibimbap-08.jpg
https://vi.wikipedia.org/wiki/H%C3%A0n_Qu%E1%BB%91c,https://vi.wikipedia.org/wiki/T%E1%BA%ADp_tin:Korean_cuisine-Bibimbap-08.jpg
https://vi.wikipedia.org/wiki/H%C3%A0n_Qu%E1%BB%91c,https://vi.wikipedia.org/w/index.php?title=Bibimbab&action=edit&redlink=1
https://vi.wikipedia.org/wiki/H%C3%A0n_Qu%E1%BB%91c,https://vi.wikipedia.org/wiki/Kim_chi
https://vi.wikipedia.org/wiki/H%C3%A0n_Qu%E1%BB%91c,https://vi.wikipedia.org/wiki/C%E1%BA%A3i_b%E1%BA%AFp
https://vi.wikipedia.org/wiki/H%C3%A0n_Qu%E1%BB%91c,https://vi.wikipedia.org/wiki/Vitamin
https://vi.wikipedia.org/wiki/H%C3%A0n_Qu%E1%BB%91c,https://vi.wikipedia.org/wiki/Ch%E1%BA%A5t_dinh_d%C6%B0%E1%BB%A1ng
https://vi.wikipedia.org/wiki/H%C3%A0n_Qu%E1%BB%91c,https://vi.wikipedia.org/wiki/Koch%27uchang
https://vi.wikipedia.org/wiki/H%C3%A0n_Qu%E1%BB%91c,https://vi.wikipedia.org/wiki/Ti%C3%AAu
https://vi.wikipedia.org/wiki/H%C3%A0n_Qu%E1%BB%91c,https://vi.wikipedia.org/wiki/Th%E1%BB%8Bt
https://vi.wikipedia.org/wiki/H%C3%A0n_Qu%E1%BB%91c,https://vi.wikipedia.org/wiki/Kalbi
https://vi.wikipedia.org/wiki/H%C3%A0n_Qu%E1%BB%91c,https://vi.wikipedia.org/wiki/Samgy%C5%8Fpsal
https://vi.wikipedia.org/wiki/H%C3%A0n_Qu%E1%BB%91c,https://vi.wikipedia.org/wiki/Th%E1%BB%8Bt_l%E1%BB%A3n
https://vi.wikipedia.org/wiki/H%C3%A0n_Qu%E1%BB%91c,https://vi.wikipedia.org/wiki/C%C3%A1
https://vi.wikipedia.org/wiki/H%C3%A0n_Qu%E1%BB%91c,https://vi.wikipedia.org/w/index.php?title=Galbitang&action=edit&redlink=1
https://vi.wikipedia.org/wiki/H%C3%A0n_Qu%E1%BB%91c,https://vi.wikipedia.org/wiki/Doenjang_jjigae
https://vi.wikipedia.org/wiki/H%C3%A0n_Qu%E1%BB%91c,https://vi.wikipedia.org/wiki/Banchan
https://vi.wikipedia.org/wiki/H%C3%A0n_Qu%E1%BB%91c,https://vi.wikipedia.org/wiki/Bibimbap
https://vi.wikipedia.org/wiki/H%C3%A0n_Qu%E1%BB%91c,https://vi.wikipedia.org/wiki/Naengmyeon
https://vi.wikipedia.org/wiki/H%C3%A0n_Qu%E1%BB%91c,https://vi.wikipedia.org/wiki/Kimbab
https://vi.wikipedia.org/wiki/H%C3%A0n_Qu%E1%BB%91c,https://vi.wikipedia.org/wiki/Rong_bi%E1%BB%83n
https://vi.wikipedia.org/wiki/H%C3%A0n_Qu%E1%BB%91c,https://vi.wikipedia.org/wiki/M%C3%AC_%C4%83n_li%E1%BB%81n
https://vi.wikipedia.org/wiki/H%C3%A0n_Qu%E1%BB%91c,https://vi.wikipedia.org/w/index.php?title=Pojangmachas&action=edit&redlink=1
https://vi.wikipedia.org/wiki/H%C3%A0n_Qu%E1%BB%91c,https://vi.wikipedia.org/wiki/Tteokbokki
https://vi.wikipedia.org/wiki/H%C3%A0n_Qu%E1%BB%91c,https://vi.wikipedia.org/w/index.php?title=Soondae&action=edit&redlink=1
https://vi.wikipedia.org/wiki/H%C3%A0n_Qu%E1%BB%91c,https://vi.wikipedia.org/wiki/X%C3%BAc_x%C3%ADch
https://vi.wikipedia.org/wiki/H%C3%A0n_Qu%E1%BB%91c,https://vi.wikipedia.org/wiki/Chocopie
https://vi.wikipedia.org/wiki/H%C3%A0n_Qu%E1%BB%91c,https://vi.wikipedia.org/w/index.php?title=Bbungtigi&action=edit&redlink=1
https://vi.wikipedia.org/wiki/H%C3%A0n_Qu%E1%BB%91c,https://vi.wikipedia.org/w/index.php?title=Nu_lung_ji&action=edit&redlink=1
https://vi.wikipedia.org/wiki/H%C3%A0n_Qu%E1%BB%91c,https://vi.wikipedia.org/w/index.php?title=H%C3%A0n_Qu%E1%BB%91c&veaction=edit&section=18
https://vi.wikipedia.org/wiki/H%C3%A0n_Qu%E1%BB%91c,https://vi.wikipedia.org/w/index.php?title=H%C3%A0n_Qu%E1%BB%91c&action=edit&section=18
https://vi.wikipedia.org/wiki/H%C3%A0n_Qu%E1%BB%91c,https://vi.wikipedia.org/w/index.php?title=H%C3%A0n_Qu%E1%BB%91c&veaction=edit&section=19
https://vi.wikipedia.org/wiki/H%C3%A0n_Qu%E1%BB%91c,https://vi.wikipedia.org/w/index.php?title=H%C3%A0n_Qu%E1%BB%91c&action=edit&section=19
https://vi.wikipedia.org/wiki/H%C3%A0n_Qu%E1%BB%91c,https://vi.wikipedia.org/wiki/K-pop
https://vi.wikipedia.org/wiki/H%C3%A0n_Qu%E1%BB%91c,https://vi.wikipedia.org/wiki/J-pop
https://vi.wikipedia.org/wiki/H%C3%A0n_Qu%E1%BB%91c,https://vi.wikipedia.org/wiki/Gangnam_Style
https://vi.wikipedia.org/wiki/H%C3%A0n_Qu%E1%BB%91c,https://vi.wikipedia.org/wiki/PSY
https://vi.wikipedia.org/wiki/H%C3%A0n_Qu%E1%BB%91c,https://vi.wikipedia.org/wiki/Youtube
https://vi.wikipedia.org/wiki/H%C3%A0n_Qu%E1%BB%91c,https://vi.wikipedia.org/w/index.php?title=H%C3%A0n_Qu%E1%BB%91c&veaction=edit&section=20
https://vi.wikipedia.org/wiki/H%C3%A0n_Qu%E1%BB%91c,https://vi.wikipedia.org/w/index.php?title=H%C3%A0n_Qu%E1%BB%91c&action=edit&section=20
https://vi.wikipedia.org/wiki/H%C3%A0n_Qu%E1%BB%91c,https://vi.wikipedia.org/wiki/Karaoke
https://vi.wikipedia.org/wiki/H%C3%A0n_Qu%E1%BB%91c,https://vi.wikipedia.org/w/index.php?title=H%C3%A0n_Qu%E1%BB%91c&veaction=edit&section=21
https://vi.wikipedia.org/wiki/H%C3%A0n_Qu%E1%BB%91c,https://vi.wikipedia.org/w/index.php?title=H%C3%A0n_Qu%E1%BB%91c&action=edit&section=21
https://vi.wikipedia.org/wiki/H%C3%A0n_Qu%E1%BB%91c,https://vi.wikipedia.org/w/index.php?title=Shiri&action=edit&redlink=1
https://vi.wikipedia.org/wiki/H%C3%A0n_Qu%E1%BB%91c,https://vi.wikipedia.org/wiki/1999
https://vi.wikipedia.org/wiki/H%C3%A0n_Qu%E1%BB%91c,https://vi.wikipedia.org/wiki/Hollywood
https://vi.wikipedia.org/wiki/H%C3%A0n_Qu%E1%BB%91c,https://vi.wikipedia.org/w/index.php?title=Shiri&action=edit&redlink=1
https://vi.wikipedia.org/wiki/H%C3%A0n_Qu%E1%BB%91c,https://vi.wikipedia.org/w/index.php?title=Kh%C6%B0%C6%A1ng_%C4%90%E1%BA%BF_Khu%C3%AA&action=edit&redlink=1
https://vi.wikipedia.org/wiki/H%C3%A0n_Qu%E1%BB%91c,https://vi.wikipedia.org/wiki/%C4%90i%E1%BB%87p_vi%C3%AAn
https://vi.wikipedia.org/wiki/H%C3%A0n_Qu%E1%BB%91c,https://vi.wikipedia.org/wiki/C%E1%BB%99ng_h%C3%B2a_D%C3%A2n_ch%E1%BB%A7_Nh%C3%A2n_d%C3%A2n_Tri%E1%BB%81u_Ti%C3%AAn
https://vi.wikipedia.org/wiki/H%C3%A0n_Qu%E1%BB%91c,https://vi.wikipedia.org/wiki/Seoul
https://vi.wikipedia.org/wiki/H%C3%A0n_Qu%E1%BB%91c,https://vi.wikipedia.org/wiki/Seoul
https://vi.wikipedia.org/wiki/H%C3%A0n_Qu%E1%BB%91c,https://vi.wikipedia.org/wiki/Ma_tr%E1%BA%ADn_(phim)
https://vi.wikipedia.org/wiki/H%C3%A0n_Qu%E1%BB%91c,https://vi.wikipedia.org/wiki/Titanic_(phim)
https://vi.wikipedia.org/wiki/H%C3%A0n_Qu%E1%BB%91c,https://vi.wikipedia.org/wiki/Chi%E1%BA%BFn_tranh_gi%E1%BB%AFa_c%C3%A1c_v%C3%AC_sao
https://vi.wikipedia.org/wiki/H%C3%A0n_Qu%E1%BB%91c,https://vi.wikipedia.org/w/index.php?title=V%C3%B9ng_an_ninh_chung_(phim)&action=edit&redlink=1
https://vi.wikipedia.org/wiki/H%C3%A0n_Qu%E1%BB%91c,https://vi.wikipedia.org/w/index.php?title=B%E1%BA%A1n_(phim)&action=edit&redlink=1
https://vi.wikipedia.org/wiki/H%C3%A0n_Qu%E1%BB%91c,https://vi.wikipedia.org/wiki/2001
https://vi.wikipedia.org/wiki/H%C3%A0n_Qu%E1%BB%91c,https://vi.wikipedia.org/w/index.php?title=C%C3%B4_n%C3%A0ng_ng%E1%BB%95_ng%C3%A1o_(phim)&action=edit&redlink=1
https://vi.wikipedia.org/wiki/H%C3%A0n_Qu%E1%BB%91c,https://vi.wikipedia.org/wiki/Ch%C3%BAa_t%E1%BB%83_c%E1%BB%A7a_nh%E1%BB%AFng_chi%E1%BA%BFc_nh%E1%BA%ABn
https://vi.wikipedia.org/wiki/H%C3%A0n_Qu%E1%BB%91c,https://vi.wikipedia.org/wiki/Harry_Potter
https://vi.wikipedia.org/wiki/H%C3%A0n_Qu%E1%BB%91c,https://vi.wikipedia.org/wiki/2004
https://vi.wikipedia.org/wiki/H%C3%A0n_Qu%E1%BB%91c,https://vi.wikipedia.org/w/index.php?title=Old_Boy_(phim)&action=edit&redlink=1
https://vi.wikipedia.org/wiki/H%C3%A0n_Qu%E1%BB%91c,https://vi.wikipedia.org/wiki/Li%C3%AAn_hoan_phim_Cannes
https://vi.wikipedia.org/wiki/H%C3%A0n_Qu%E1%BB%91c,https://vi.wikipedia.org/wiki/Quentin_Tarantino
https://vi.wikipedia.org/wiki/H%C3%A0n_Qu%E1%BB%91c,https://vi.wikipedia.org/wiki/Nh%E1%BA%ADt_B%E1%BA%A3n
https://vi.wikipedia.org/wiki/H%C3%A0n_Qu%E1%BB%91c,https://vi.wikipedia.org/w/index.php?title=Miramax&action=edit&redlink=1
https://vi.wikipedia.org/wiki/H%C3%A0n_Qu%E1%BB%91c,https://vi.wikipedia.org/wiki/Hoa_K%E1%BB%B3
https://vi.wikipedia.org/wiki/H%C3%A0n_Qu%E1%BB%91c,https://vi.wikipedia.org/wiki/Ch%C3%A2u_%C3%81
https://vi.wikipedia.org/wiki/H%C3%A0n_Qu%E1%BB%91c,https://vi.wikipedia.org/wiki/Vi%E1%BB%87t_Nam
https://vi.wikipedia.org/wiki/H%C3%A0n_Qu%E1%BB%91c,https://vi.wikipedia.org/w/index.php?title=H%C3%A0n_Qu%E1%BB%91c&veaction=edit&section=22
https://vi.wikipedia.org/wiki/H%C3%A0n_Qu%E1%BB%91c,https://vi.wikipedia.org/w/index.php?title=H%C3%A0n_Qu%E1%BB%91c&action=edit&section=22
https://vi.wikipedia.org/wiki/H%C3%A0n_Qu%E1%BB%91c,https://vi.wikipedia.org/wiki/Hangul
https://vi.wikipedia.org/wiki/H%C3%A0n_Qu%E1%BB%91c,https://vi.wikipedia.org/wiki/%C3%82m_l%E1%BB%8Bch
https://vi.wikipedia.org/wiki/H%C3%A0n_Qu%E1%BB%91c,https://vi.wikipedia.org/wiki/T%E1%BA%BFt_Nguy%C3%AAn_%C4%90%C3%A1n
https://vi.wikipedia.org/wiki/H%C3%A0n_Qu%E1%BB%91c,https://vi.wikipedia.org/w/index.php?title=Phong_tr%C3%A0o_1.3&action=edit&redlink=1
https://vi.wikipedia.org/wiki/H%C3%A0n_Qu%E1%BB%91c,https://vi.wikipedia.org/wiki/1919
https://vi.wikipedia.org/wiki/H%C3%A0n_Qu%E1%BB%91c,https://vi.wikipedia.org/wiki/L%E1%BB%85_Ph%E1%BA%ADt_%C4%90%E1%BA%A3n
https://vi.wikipedia.org/wiki/H%C3%A0n_Qu%E1%BB%91c,https://vi.wikipedia.org/wiki/1948
https://vi.wikipedia.org/wiki/H%C3%A0n_Qu%E1%BB%91c,https://vi.wikipedia.org/wiki/1945
https://vi.wikipedia.org/wiki/H%C3%A0n_Qu%E1%BB%91c,https://vi.wikipedia.org/wiki/T%E1%BA%BFt_Trung_thu
https://vi.wikipedia.org/wiki/H%C3%A0n_Qu%E1%BB%91c,https://vi.wikipedia.org/wiki/Chuseok
https://vi.wikipedia.org/wiki/H%C3%A0n_Qu%E1%BB%91c,https://vi.wikipedia.org/wiki/L%E1%BB%85_Gi%C3%A1ng_Sinh
https://vi.wikipedia.org/wiki/H%C3%A0n_Qu%E1%BB%91c,https://vi.wikipedia.org/w/index.php?title=H%C3%A0n_Qu%E1%BB%91c&veaction=edit&section=23
https://vi.wikipedia.org/wiki/H%C3%A0n_Qu%E1%BB%91c,https://vi.wikipedia.org/w/index.php?title=H%C3%A0n_Qu%E1%BB%91c&action=edit&section=23
https://vi.wikipedia.org/wiki/H%C3%A0n_Qu%E1%BB%91c,https://vi.wikipedia.org/w/index.php?title=Gi%C3%A1o_d%E1%BB%A5c_%E1%BB%9F_H%C3%A0n_Qu%E1%BB%91c&action=edit&redlink=1
https://vi.wikipedia.org/wiki/H%C3%A0n_Qu%E1%BB%91c,https://vi.wikipedia.org/w/index.php?title=T%E1%BB%95_ch%E1%BB%A9c_H%E1%BB%A3p_t%C3%A1c_v%C3%A0_Ph%C3%A1t_tri%E1%BB%83n_Kinh_t%E1%BA%BF_th%E1%BA%BF_gi%E1%BB%9Bi&action=edit&redlink=1
https://vi.wikipedia.org/wiki/H%C3%A0n_Qu%E1%BB%91c,https://vi.wikipedia.org/wiki/Hagwon
https://vi.wikipedia.org/wiki/H%C3%A0n_Qu%E1%BB%91c,https://vi.wikipedia.org/w/index.php?title=H%C3%A0n_Qu%E1%BB%91c&veaction=edit&section=24
https://vi.wikipedia.org/wiki/H%C3%A0n_Qu%E1%BB%91c,https://vi.wikipedia.org/w/index.php?title=H%C3%A0n_Qu%E1%BB%91c&action=edit&section=24
https://vi.wikipedia.org/wiki/H%C3%A0n_Qu%E1%BB%91c,https://vi.wikipedia.org/w/index.php?title=Khoa_h%E1%BB%8Dc_v%C3%A0_c%C3%B4ng_ngh%E1%BB%87_%E1%BB%9F_H%C3%A0n_Qu%E1%BB%91c&action=edit&redlink=1
https://vi.wikipedia.org/wiki/H%C3%A0n_Qu%E1%BB%91c,https://vi.wikipedia.org/wiki/T%E1%BA%ADp_tin:Korean_book-Jikji-Selected_Teachings_of_Buddhist_Sages_and_Seon_Masters-1377.jpg
https://vi.wikipedia.org/wiki/H%C3%A0n_Qu%E1%BB%91c,https://vi.wikipedia.org/wiki/T%E1%BA%ADp_tin:Korean_book-Jikji-Selected_Teachings_of_Buddhist_Sages_and_Seon_Masters-1377.jpg
https://vi.wikipedia.org/wiki/H%C3%A0n_Qu%E1%BB%91c,https://vi.wikipedia.org/wiki/Jikji
https://vi.wikipedia.org/wiki/H%C3%A0n_Qu%E1%BB%91c,https://vi.wikipedia.org/wiki/1377
https://vi.wikipedia.org/wiki/H%C3%A0n_Qu%E1%BB%91c,https://vi.wikipedia.org/w/index.php?title=Cheomseongdae&action=edit&redlink=1
https://vi.wikipedia.org/wiki/H%C3%A0n_Qu%E1%BB%91c,https://vi.wikipedia.org/wiki/634
https://vi.wikipedia.org/wiki/H%C3%A0n_Qu%E1%BB%91c,https://vi.wikipedia.org/wiki/Kh%E1%BA%AFc_g%E1%BB%97
https://vi.wikipedia.org/wiki/H%C3%A0n_Qu%E1%BB%91c,https://vi.wikipedia.org/wiki/Cao_Ly
https://vi.wikipedia.org/wiki/H%C3%A0n_Qu%E1%BB%91c,https://vi.wikipedia.org/wiki/%C4%90%E1%BB%93_g%E1%BB%91m
https://vi.wikipedia.org/wiki/H%C3%A0n_Qu%E1%BB%91c,https://vi.wikipedia.org/wiki/Nh%C3%A0_Tri%E1%BB%81u_Ti%C3%AAn
https://vi.wikipedia.org/wiki/H%C3%A0n_Qu%E1%BB%91c,https://vi.wikipedia.org/w/index.php?title=Geobukseon&action=edit&redlink=1
https://vi.wikipedia.org/wiki/H%C3%A0n_Qu%E1%BB%91c,https://vi.wikipedia.org/wiki/T%C3%A0u_con_r%C3%B9a
https://vi.wikipedia.org/wiki/H%C3%A0n_Qu%E1%BB%91c,https://vi.wikipedia.org/w/index.php?title=Bigyeokjincheolloe&action=edit&redlink=1
https://vi.wikipedia.org/wiki/H%C3%A0n_Qu%E1%BB%91c,https://vi.wikipedia.org/wiki/Hwacha
https://vi.wikipedia.org/wiki/H%C3%A0n_Qu%E1%BB%91c,https://vi.wikipedia.org/wiki/Tri%E1%BB%81u_Ti%C3%AAn_Th%E1%BA%BF_T%C3%B4ng
https://vi.wikipedia.org/wiki/H%C3%A0n_Qu%E1%BB%91c,https://vi.wikipedia.org/w/index.php?title=H%C3%A0n_Qu%E1%BB%91c&veaction=edit&section=25
https://vi.wikipedia.org/wiki/H%C3%A0n_Qu%E1%BB%91c,https://vi.wikipedia.org/w/index.php?title=H%C3%A0n_Qu%E1%BB%91c&action=edit&section=25
https://vi.wikipedia.org/wiki/H%C3%A0n_Qu%E1%BB%91c,https://vi.wikipedia.org/wiki/Th%E1%BB%83_thao
https://vi.wikipedia.org/wiki/H%C3%A0n_Qu%E1%BB%91c,https://vi.wikipedia.org/wiki/Ch%C3%A2u_%C3%81
https://vi.wikipedia.org/wiki/H%C3%A0n_Qu%E1%BB%91c,https://vi.wikipedia.org/wiki/Th%E1%BA%BF_gi%E1%BB%9Bi
https://vi.wikipedia.org/wiki/H%C3%A0n_Qu%E1%BB%91c,https://vi.wikipedia.org/wiki/Taekwondo
https://vi.wikipedia.org/wiki/H%C3%A0n_Qu%E1%BB%91c,https://vi.wikipedia.org/wiki/Gi%E1%BA%A3i_v%C3%B4_%C4%91%E1%BB%8Bch_b%C3%B3ng_%C4%91%C3%A1_th%E1%BA%BF_gi%E1%BB%9Bi_2002
https://vi.wikipedia.org/wiki/H%C3%A0n_Qu%E1%BB%91c,https://vi.wikipedia.org/wiki/Ahn_Jung-hwan
https://vi.wikipedia.org/wiki/H%C3%A0n_Qu%E1%BB%91c,https://vi.wikipedia.org/wiki/Park_Ji-sung
https://vi.wikipedia.org/wiki/H%C3%A0n_Qu%E1%BB%91c,https://vi.wikipedia.org/wiki/Lee_Chun-soo
https://vi.wikipedia.org/wiki/H%C3%A0n_Qu%E1%BB%91c,https://vi.wikipedia.org/w/index.php?title=Cha_Doo-ri&action=edit&redlink=1
https://vi.wikipedia.org/wiki/H%C3%A0n_Qu%E1%BB%91c,https://vi.wikipedia.org/wiki/Son_Heung-min
https://vi.wikipedia.org/wiki/H%C3%A0n_Qu%E1%BB%91c,https://vi.wikipedia.org/wiki/B%C3%B3ng_ch%C3%A0y
https://vi.wikipedia.org/wiki/H%C3%A0n_Qu%E1%BB%91c,https://vi.wikipedia.org/wiki/Tri%E1%BB%81u_Ti%C3%AAn
https://vi.wikipedia.org/wiki/H%C3%A0n_Qu%E1%BB%91c,https://vi.wikipedia.org/w/index.php?title=Gi%E1%BA%A3i_B%C3%B3ng_ch%C3%A0y_Th%E1%BA%BF_gi%E1%BB%9Bi_2006&action=edit&redlink=1
https://vi.wikipedia.org/wiki/H%C3%A0n_Qu%E1%BB%91c,https://vi.wikipedia.org/w/index.php?title=Gi%E1%BA%A3i_B%C3%B3ng_ch%C3%A0y_Th%E1%BA%BF_gi%E1%BB%9Bi_2009&action=edit&redlink=1
https://vi.wikipedia.org/wiki/H%C3%A0n_Qu%E1%BB%91c,https://vi.wikipedia.org/wiki/Th%E1%BA%BF_v%E1%BA%ADn_h%E1%BB%99i_M%C3%B9a_h%C3%A8_2008
https://vi.wikipedia.org/wiki/H%C3%A0n_Qu%E1%BB%91c,https://vi.wikipedia.org/wiki/Th%E1%BA%BF_v%E1%BA%ADn_h%E1%BB%99i_M%C3%B9a_h%C3%A8_1988
https://vi.wikipedia.org/wiki/H%C3%A0n_Qu%E1%BB%91c,https://vi.wikipedia.org/wiki/Seoul
https://vi.wikipedia.org/wiki/H%C3%A0n_Qu%E1%BB%91c,https://vi.wikipedia.org/wiki/B%E1%BA%AFn_cung
https://vi.wikipedia.org/wiki/H%C3%A0n_Qu%E1%BB%91c,https://vi.wikipedia.org/wiki/B%C3%B3ng_b%C3%A0n
https://vi.wikipedia.org/wiki/H%C3%A0n_Qu%E1%BB%91c,https://vi.wikipedia.org/wiki/C%E1%BA%A7u_l%C3%B4ng
https://vi.wikipedia.org/wiki/H%C3%A0n_Qu%E1%BB%91c,https://vi.wikipedia.org/wiki/B%C3%B3ng_n%C3%A9m
https://vi.wikipedia.org/wiki/H%C3%A0n_Qu%E1%BB%91c,https://vi.wikipedia.org/wiki/Kh%C3%BAc_c%C3%B4n_c%E1%BA%A7u_tr%C3%AAn_b%C4%83ng
https://vi.wikipedia.org/wiki/H%C3%A0n_Qu%E1%BB%91c,https://vi.wikipedia.org/wiki/%C4%90%E1%BA%A5u_v%E1%BA%ADt
https://vi.wikipedia.org/wiki/H%C3%A0n_Qu%E1%BB%91c,https://vi.wikipedia.org/wiki/B%C3%B3ng_ch%C3%A0y
https://vi.wikipedia.org/wiki/H%C3%A0n_Qu%E1%BB%91c,https://vi.wikipedia.org/wiki/Judo
https://vi.wikipedia.org/wiki/H%C3%A0n_Qu%E1%BB%91c,https://vi.wikipedia.org/wiki/Taekwondo
https://vi.wikipedia.org/wiki/H%C3%A0n_Qu%E1%BB%91c,https://vi.wikipedia.org/w/index.php?title=Patin&action=edit&redlink=1
https://vi.wikipedia.org/wiki/H%C3%A0n_Qu%E1%BB%91c,https://vi.wikipedia.org/wiki/C%E1%BB%AD_t%E1%BA%A1
https://vi.wikipedia.org/wiki/H%C3%A0n_Qu%E1%BB%91c,https://vi.wikipedia.org/wiki/Th%E1%BA%BF_v%E1%BA%ADn_h%E1%BB%99i_M%C3%B9a_%C4%91%C3%B4ng
https://vi.wikipedia.org/wiki/H%C3%A0n_Qu%E1%BB%91c,https://vi.wikipedia.org/wiki/Th%E1%BA%BF_v%E1%BA%ADn_h%E1%BB%99i_M%C3%B9a_%C4%91%C3%B4ng_2010
https://vi.wikipedia.org/wiki/H%C3%A0n_Qu%E1%BB%91c,https://vi.wikipedia.org/wiki/Th%E1%BA%BF_v%E1%BA%ADn_h%E1%BB%99i_M%C3%B9a_%C4%91%C3%B4ng_2018
https://vi.wikipedia.org/wiki/H%C3%A0n_Qu%E1%BB%91c,https://vi.wikipedia.org/wiki/Pyeongchang
https://vi.wikipedia.org/wiki/H%C3%A0n_Qu%E1%BB%91c,https://vi.wikipedia.org/wiki/%C4%90%E1%BA%A1i_h%E1%BB%99i_Th%E1%BB%83_thao_ch%C3%A2u_%C3%81
https://vi.wikipedia.org/wiki/H%C3%A0n_Qu%E1%BB%91c,https://vi.wikipedia.org/w/index.php?title=J%C4%90%E1%BA%A1i_h%E1%BB%99i_th%E1%BB%83_thao_ch%C3%A2u_%C3%81_1986&action=edit&redlink=1
https://vi.wikipedia.org/wiki/H%C3%A0n_Qu%E1%BB%91c,https://vi.wikipedia.org/w/index.php?title=%C4%90%E1%BA%A1i_h%E1%BB%99i_th%E1%BB%83_thao_ch%C3%A2u_%C3%81_2002&action=edit&redlink=1
https://vi.wikipedia.org/wiki/H%C3%A0n_Qu%E1%BB%91c,https://vi.wikipedia.org/w/index.php?title=%C4%90%E1%BA%A1i_h%E1%BB%99i_th%E1%BB%83_thao_ch%C3%A2u_%C3%81_2014&action=edit&redlink=1
https://vi.wikipedia.org/wiki/H%C3%A0n_Qu%E1%BB%91c,https://vi.wikipedia.org/w/index.php?title=%C4%90%E1%BA%A1i_h%E1%BB%99i_th%E1%BB%83_thao_M%C3%B9a_%C4%91%C3%B4ng_ch%C3%A2u_%C3%81_1999&action=edit&redlink=1
https://vi.wikipedia.org/wiki/H%C3%A0n_Qu%E1%BB%91c,https://vi.wikipedia.org/w/index.php?title=Universiada&action=edit&redlink=1
https://vi.wikipedia.org/wiki/H%C3%A0n_Qu%E1%BB%91c,https://vi.wikipedia.org/w/index.php?title=Anexo:Universiada_de_2003&action=edit&redlink=1
https://vi.wikipedia.org/wiki/H%C3%A0n_Qu%E1%BB%91c,https://vi.wikipedia.org/wiki/Gi%E1%BA%A3i_v%C3%B4_%C4%91%E1%BB%8Bch_b%C3%B3ng_%C4%91%C3%A1_th%E1%BA%BF_gi%E1%BB%9Bi_2002
https://vi.wikipedia.org/wiki/H%C3%A0n_Qu%E1%BB%91c,https://vi.wikipedia.org/wiki/Nh%E1%BA%ADt_B%E1%BA%A3n
https://vi.wikipedia.org/wiki/H%C3%A0n_Qu%E1%BB%91c,https://vi.wikipedia.org/wiki/%C4%90%E1%BB%99i_tuy%E1%BB%83n_b%C3%B3ng_%C4%91%C3%A1_qu%E1%BB%91c_gia_H%C3%A0n_Qu%E1%BB%91c
https://vi.wikipedia.org/wiki/H%C3%A0n_Qu%E1%BB%91c,https://vi.wikipedia.org/wiki/Li%C3%AAn_%C4%91o%C3%A0n_b%C3%B3ng_%C4%91%C3%A1_ch%C3%A2u_%C3%81
https://vi.wikipedia.org/wiki/H%C3%A0n_Qu%E1%BB%91c,https://vi.wikipedia.org/w/index.php?title=H%C3%A0n_Qu%E1%BB%91c&veaction=edit&section=26
https://vi.wikipedia.org/wiki/H%C3%A0n_Qu%E1%BB%91c,https://vi.wikipedia.org/w/index.php?title=H%C3%A0n_Qu%E1%BB%91c&action=edit&section=26
https://vi.wikipedia.org/wiki/H%C3%A0n_Qu%E1%BB%91c,https://vi.wikipedia.org/wiki/T%C3%AAn_g%E1%BB%8Di_Tri%E1%BB%81u_Ti%C3%AAn
https://vi.wikipedia.org/wiki/H%C3%A0n_Qu%E1%BB%91c,https://vi.wikipedia.org/wiki/L%E1%BB%8Bch_s%E1%BB%AD_Tri%E1%BB%81u_Ti%C3%AAn
https://vi.wikipedia.org/wiki/H%C3%A0n_Qu%E1%BB%91c,https://vi.wikipedia.org/wiki/Taekwondo
https://vi.wikipedia.org/wiki/H%C3%A0n_Qu%E1%BB%91c,https://vi.wikipedia.org/wiki/C%C6%A1_%C4%90%E1%BB%91c_gi%C3%A1o_t%E1%BA%A1i_H%C3%A0n_Qu%E1%BB%91c
https://vi.wikipedia.org/wiki/H%C3%A0n_Qu%E1%BB%91c,https://vi.wikipedia.org/wiki/Danh_s%C3%A1ch_qu%E1%BB%91c_gia_kh%C3%B4ng_%C4%91%C6%B0%E1%BB%A3c_c%C3%B4ng_nh%E1%BA%ADn
https://vi.wikipedia.org/wiki/H%C3%A0n_Qu%E1%BB%91c,https://vi.wikipedia.org/w/index.php?title=H%C3%A0n_Qu%E1%BB%91c&veaction=edit&section=27
https://vi.wikipedia.org/wiki/H%C3%A0n_Qu%E1%BB%91c,https://vi.wikipedia.org/w/index.php?title=H%C3%A0n_Qu%E1%BB%91c&action=edit&section=27
https://vi.wikipedia.org/wiki/H%C3%A0n_Qu%E1%BB%91c,https://vi.wikipedia.org/w/index.php?title=Alexandru_Ioan_Cuza_University&action=edit&redlink=1
https://vi.wikipedia.org/wiki/H%C3%A0n_Qu%E1%BB%91c,https://vi.wikipedia.org/wiki/Daejeon
https://vi.wikipedia.org/wiki/H%C3%A0n_Qu%E1%BB%91c,https://vi.wikipedia.org/wiki/VnExpress
https://vi.wikipedia.org/wiki/H%C3%A0n_Qu%E1%BB%91c,https://vi.wikipedia.org/wiki/%C4%90%E1%BA%B7c_bi%E1%BB%87t:Ngu%E1%BB%93n_s%C3%A1ch/8995442425
https://vi.wikipedia.org/wiki/H%C3%A0n_Qu%E1%BB%91c,https://vi.wikipedia.org/wiki/%C4%90%E1%BA%B7c_bi%E1%BB%87t:Ngu%E1%BB%93n_s%C3%A1ch/0304359483
https://vi.wikipedia.org/wiki/H%C3%A0n_Qu%E1%BB%91c,https://vi.wikipedia.org/wiki/Th%E1%BB%83_lo%E1%BA%A1i:B%E1%BA%A3o_tr%C3%AC_CS1:_Ng%C3%B4n_ng%E1%BB%AF_kh%C3%B4ng_r%C3%B5
https://vi.wikipedia.org/wiki/H%C3%A0n_Qu%E1%BB%91c,https://vi.wikipedia.org/w/index.php?title=H%C3%A0n_Qu%E1%BB%91c&veaction=edit&section=28
https://vi.wikipedia.org/wiki/H%C3%A0n_Qu%E1%BB%91c,https://vi.wikipedia.org/w/index.php?title=H%C3%A0n_Qu%E1%BB%91c&action=edit&section=28
https://vi.wikipedia.org/wiki/H%C3%A0n_Qu%E1%BB%91c,https://vi.wikipedia.org/wiki/B%E1%BA%A3n_m%E1%BA%ABu:%C4%90%C3%B4ng_%C3%81
https://vi.wikipedia.org/wiki/H%C3%A0n_Qu%E1%BB%91c,https://vi.wikipedia.org/wiki/Th%E1%BA%A3o_lu%E1%BA%ADn_B%E1%BA%A3n_m%E1%BA%ABu:%C4%90%C3%B4ng_%C3%81
https://vi.wikipedia.org/wiki/H%C3%A0n_Qu%E1%BB%91c,https://vi.wikipedia.org/w/index.php?title=B%E1%BA%A3n_m%E1%BA%ABu:%C4%90%C3%B4ng_%C3%81&action=edit
https://vi.wikipedia.org/wiki/H%C3%A0n_Qu%E1%BB%91c,https://vi.wikipedia.org/wiki/%C4%90%C3%B4ng_%C3%81
https://vi.wikipedia.org/wiki/H%C3%A0n_Qu%E1%BB%91c,https://vi.wikipedia.org/wiki/T%E1%BA%ADp_tin:Flag_of_the_People%27s_Republic_of_China.svg
https://vi.wikipedia.org/wiki/H%C3%A0n_Qu%E1%BB%91c,https://vi.wikipedia.org/wiki/Trung_Qu%E1%BB%91c
https://vi.wikipedia.org/wiki/H%C3%A0n_Qu%E1%BB%91c,https://vi.wikipedia.org/wiki/%C4%90%C3%A0i_Loan
https://vi.wikipedia.org/wiki/H%C3%A0n_Qu%E1%BB%91c,https://vi.wikipedia.org/wiki/T%E1%BA%ADp_tin:Flag_of_Japan_(bordered).svg
https://vi.wikipedia.org/wiki/H%C3%A0n_Qu%E1%BB%91c,https://vi.wikipedia.org/wiki/Nh%E1%BA%ADt_B%E1%BA%A3n
https://vi.wikipedia.org/wiki/H%C3%A0n_Qu%E1%BB%91c,https://vi.wikipedia.org/wiki/C%E1%BB%99ng_h%C3%B2a_D%C3%A2n_ch%E1%BB%A7_Nh%C3%A2n_d%C3%A2n_Tri%E1%BB%81u_Ti%C3%AAn
https://vi.wikipedia.org/wiki/H%C3%A0n_Qu%E1%BB%91c,https://vi.wikipedia.org/wiki/H%C3%A0n_Qu%E1%BB%91c
https://vi.wikipedia.org/wiki/H%C3%A0n_Qu%E1%BB%91c,https://vi.wikipedia.org/wiki/M%C3%B4ng_C%E1%BB%95
https://vi.wikipedia.org/wiki/H%C3%A0n_Qu%E1%BB%91c,https://vi.wikipedia.org/wiki/M%C3%B4ng_C%E1%BB%95
https://vi.wikipedia.org/wiki/H%C3%A0n_Qu%E1%BB%91c,https://vi.wikipedia.org/wiki/H%E1%BB%93ng_K%C3%B4ng
https://vi.wikipedia.org/wiki/H%C3%A0n_Qu%E1%BB%91c,https://vi.wikipedia.org/wiki/Ma_Cao
https://vi.wikipedia.org/wiki/H%C3%A0n_Qu%E1%BB%91c,https://vi.wikipedia.org/wiki/Malaysia
https://vi.wikipedia.org/wiki/H%C3%A0n_Qu%E1%BB%91c,https://vi.wikipedia.org/wiki/Singapore
https://vi.wikipedia.org/wiki/H%C3%A0n_Qu%E1%BB%91c,https://vi.wikipedia.org/wiki/Vi%E1%BB%87t_Nam
https://vi.wikipedia.org/wiki/H%C3%A0n_Qu%E1%BB%91c,https://vi.wikipedia.org/wiki/V%C3%B9ng_vi%E1%BB%85n_%C4%91%C3%B4ng_Nga
https://vi.wikipedia.org/wiki/H%C3%A0n_Qu%E1%BB%91c,https://vi.wikipedia.org/wiki/%C4%90%C3%A0i_Loan
https://vi.wikipedia.org/wiki/H%C3%A0n_Qu%E1%BB%91c,https://vi.wikipedia.org/wiki/V%E1%BB%8B_th%E1%BA%BF_ch%C3%ADnh_tr%E1%BB%8B_%C4%90%C3%A0i_Loan
https://vi.wikipedia.org/wiki/H%C3%A0n_Qu%E1%BB%91c,https://vi.wikipedia.org/wiki/B%E1%BA%A3n_m%E1%BA%ABu:Qu%E1%BB%91c_gia_Ch%C3%A2u_%C3%81
https://vi.wikipedia.org/wiki/H%C3%A0n_Qu%E1%BB%91c,https://vi.wikipedia.org/wiki/Th%E1%BA%A3o_lu%E1%BA%ADn_B%E1%BA%A3n_m%E1%BA%ABu:Qu%E1%BB%91c_gia_Ch%C3%A2u_%C3%81
https://vi.wikipedia.org/wiki/H%C3%A0n_Qu%E1%BB%91c,https://vi.wikipedia.org/w/index.php?title=B%E1%BA%A3n_m%E1%BA%ABu:Qu%E1%BB%91c_gia_Ch%C3%A2u_%C3%81&action=edit
https://vi.wikipedia.org/wiki/H%C3%A0n_Qu%E1%BB%91c,https://vi.wikipedia.org/wiki/Danh_s%C3%A1ch_c%C3%A1c_qu%E1%BB%91c_gia_v%C3%A0_v%C3%B9ng_l%C3%A3nh_th%E1%BB%95_ch%C3%A2u_%C3%81
https://vi.wikipedia.org/wiki/H%C3%A0n_Qu%E1%BB%91c,https://vi.wikipedia.org/wiki/Ch%C3%A2u_%C3%81
https://vi.wikipedia.org/wiki/H%C3%A0n_Qu%E1%BB%91c,https://vi.wikipedia.org/wiki/Qu%E1%BB%91c_gia_c%C3%B3_ch%E1%BB%A7_quy%E1%BB%81n
https://vi.wikipedia.org/wiki/H%C3%A0n_Qu%E1%BB%91c,https://vi.wikipedia.org/wiki/Afghanistan
https://vi.wikipedia.org/wiki/H%C3%A0n_Qu%E1%BB%91c,https://vi.wikipedia.org/wiki/Ai_C%E1%BA%ADp
https://vi.wikipedia.org/wiki/H%C3%A0n_Qu%E1%BB%91c,https://vi.wikipedia.org/wiki/%E1%BA%A2_R%E1%BA%ADp_X%C3%AA_%C3%9At
https://vi.wikipedia.org/wiki/H%C3%A0n_Qu%E1%BB%91c,https://vi.wikipedia.org/wiki/Armenia
https://vi.wikipedia.org/wiki/H%C3%A0n_Qu%E1%BB%91c,https://vi.wikipedia.org/wiki/Azerbaijan
https://vi.wikipedia.org/wiki/H%C3%A0n_Qu%E1%BB%91c,https://vi.wikipedia.org/wiki/%E1%BA%A4n_%C4%90%E1%BB%99
https://vi.wikipedia.org/wiki/H%C3%A0n_Qu%E1%BB%91c,https://vi.wikipedia.org/wiki/Bahrain
https://vi.wikipedia.org/wiki/H%C3%A0n_Qu%E1%BB%91c,https://vi.wikipedia.org/wiki/Bangladesh
https://vi.wikipedia.org/wiki/H%C3%A0n_Qu%E1%BB%91c,https://vi.wikipedia.org/wiki/Bhutan
https://vi.wikipedia.org/wiki/H%C3%A0n_Qu%E1%BB%91c,https://vi.wikipedia.org/wiki/Brunei
https://vi.wikipedia.org/wiki/H%C3%A0n_Qu%E1%BB%91c,https://vi.wikipedia.org/wiki/C%C3%A1c_Ti%E1%BB%83u_v%C6%B0%C6%A1ng_qu%E1%BB%91c_%E1%BA%A2_R%E1%BA%ADp_Th%E1%BB%91ng_nh%E1%BA%A5t
https://vi.wikipedia.org/wiki/H%C3%A0n_Qu%E1%BB%91c,https://vi.wikipedia.org/wiki/Campuchia
https://vi.wikipedia.org/wiki/H%C3%A0n_Qu%E1%BB%91c,https://vi.wikipedia.org/wiki/%C4%90%C3%B4ng_Timor
https://vi.wikipedia.org/wiki/H%C3%A0n_Qu%E1%BB%91c,https://vi.wikipedia.org/wiki/Gruzia
https://vi.wikipedia.org/wiki/H%C3%A0n_Qu%E1%BB%91c,https://vi.wikipedia.org/wiki/H%C3%A0n_Qu%E1%BB%91c
https://vi.wikipedia.org/wiki/H%C3%A0n_Qu%E1%BB%91c,https://vi.wikipedia.org/wiki/Indonesia
https://vi.wikipedia.org/wiki/H%C3%A0n_Qu%E1%BB%91c,https://vi.wikipedia.org/wiki/Iran
https://vi.wikipedia.org/wiki/H%C3%A0n_Qu%E1%BB%91c,https://vi.wikipedia.org/wiki/Iraq
https://vi.wikipedia.org/wiki/H%C3%A0n_Qu%E1%BB%91c,https://vi.wikipedia.org/wiki/Israel
https://vi.wikipedia.org/wiki/H%C3%A0n_Qu%E1%BB%91c,https://vi.wikipedia.org/wiki/Jordan
https://vi.wikipedia.org/wiki/H%C3%A0n_Qu%E1%BB%91c,https://vi.wikipedia.org/wiki/Kazakhstan
https://vi.wikipedia.org/wiki/H%C3%A0n_Qu%E1%BB%91c,https://vi.wikipedia.org/wiki/Kuwait
https://vi.wikipedia.org/wiki/H%C3%A0n_Qu%E1%BB%91c,https://vi.wikipedia.org/wiki/Kyrgyzstan
https://vi.wikipedia.org/wiki/H%C3%A0n_Qu%E1%BB%91c,https://vi.wikipedia.org/wiki/L%C3%A0o
https://vi.wikipedia.org/wiki/H%C3%A0n_Qu%E1%BB%91c,https://vi.wikipedia.org/wiki/Liban
https://vi.wikipedia.org/wiki/H%C3%A0n_Qu%E1%BB%91c,https://vi.wikipedia.org/wiki/Malaysia
https://vi.wikipedia.org/wiki/H%C3%A0n_Qu%E1%BB%91c,https://vi.wikipedia.org/wiki/Maldives
https://vi.wikipedia.org/wiki/H%C3%A0n_Qu%E1%BB%91c,https://vi.wikipedia.org/wiki/M%C3%B4ng_C%E1%BB%95
https://vi.wikipedia.org/wiki/H%C3%A0n_Qu%E1%BB%91c,https://vi.wikipedia.org/wiki/Myanmar
https://vi.wikipedia.org/wiki/H%C3%A0n_Qu%E1%BB%91c,https://vi.wikipedia.org/wiki/Nepal
https://vi.wikipedia.org/wiki/H%C3%A0n_Qu%E1%BB%91c,https://vi.wikipedia.org/wiki/Nga
https://vi.wikipedia.org/wiki/H%C3%A0n_Qu%E1%BB%91c,https://vi.wikipedia.org/wiki/Nh%E1%BA%ADt_B%E1%BA%A3n
https://vi.wikipedia.org/wiki/H%C3%A0n_Qu%E1%BB%91c,https://vi.wikipedia.org/wiki/Oman
https://vi.wikipedia.org/wiki/H%C3%A0n_Qu%E1%BB%91c,https://vi.wikipedia.org/wiki/Pakistan
https://vi.wikipedia.org/wiki/H%C3%A0n_Qu%E1%BB%91c,https://vi.wikipedia.org/wiki/Philippines
https://vi.wikipedia.org/wiki/H%C3%A0n_Qu%E1%BB%91c,https://vi.wikipedia.org/wiki/Qatar
https://vi.wikipedia.org/wiki/H%C3%A0n_Qu%E1%BB%91c,https://vi.wikipedia.org/wiki/Singapore
https://vi.wikipedia.org/wiki/H%C3%A0n_Qu%E1%BB%91c,https://vi.wikipedia.org/wiki/C%E1%BB%99ng_h%C3%B2a_S%C3%ADp
https://vi.wikipedia.org/wiki/H%C3%A0n_Qu%E1%BB%91c,https://vi.wikipedia.org/wiki/Sri_Lanka
https://vi.wikipedia.org/wiki/H%C3%A0n_Qu%E1%BB%91c,https://vi.wikipedia.org/wiki/Syria
https://vi.wikipedia.org/wiki/H%C3%A0n_Qu%E1%BB%91c,https://vi.wikipedia.org/wiki/Tajikistan
https://vi.wikipedia.org/wiki/H%C3%A0n_Qu%E1%BB%91c,https://vi.wikipedia.org/wiki/Th%C3%A1i_Lan
https://vi.wikipedia.org/wiki/H%C3%A0n_Qu%E1%BB%91c,https://vi.wikipedia.org/wiki/Th%E1%BB%95_Nh%C4%A9_K%E1%BB%B3
https://vi.wikipedia.org/wiki/H%C3%A0n_Qu%E1%BB%91c,https://vi.wikipedia.org/wiki/Turkmenistan
https://vi.wikipedia.org/wiki/H%C3%A0n_Qu%E1%BB%91c,https://vi.wikipedia.org/wiki/C%E1%BB%99ng_h%C3%B2a_D%C3%A2n_ch%E1%BB%A7_Nh%C3%A2n_d%C3%A2n_Tri%E1%BB%81u_Ti%C3%AAn
https://vi.wikipedia.org/wiki/H%C3%A0n_Qu%E1%BB%91c,https://vi.wikipedia.org/wiki/Trung_Qu%E1%BB%91c
https://vi.wikipedia.org/wiki/H%C3%A0n_Qu%E1%BB%91c,https://vi.wikipedia.org/wiki/Uzbekistan
https://vi.wikipedia.org/wiki/H%C3%A0n_Qu%E1%BB%91c,https://vi.wikipedia.org/wiki/Vi%E1%BB%87t_Nam
https://vi.wikipedia.org/wiki/H%C3%A0n_Qu%E1%BB%91c,https://vi.wikipedia.org/wiki/Yemen
https://vi.wikipedia.org/wiki/H%C3%A0n_Qu%E1%BB%91c,https://vi.wikipedia.org/wiki/T%E1%BA%ADp_tin:Asia_(orthographic_projection).svg
